Country,ISO,Year,Age,AnyMethod,AnyModernMethod,SterilizationFemale,SterilizationMale,Pill,Injectable,IUD,MaleCondom,VaginalBarrierMethods,Implant,OtherModernMethods,AnyTraditionalMethod,Rhythm,Withdrawal,OtherTraditional,Notes,Source,SurveyName

Afghanistan,4,1972,15-44,1.6,1.6,,,1.0,,0.4,,0.2,,0.0,,,,,2,National survey,National Demographic and Family Guidance Survey
Afghanistan,4,2000,12-49,4.9,3.6,0.8,0.1,1.2,1.3,0.3,,,,0.0,1.2,0.4,0.5,0.3,,MICS,
Afghanistan,4,2003,<50,10.3,8.7,,,5.0,2.2,,0.6,,,0.9,1.6,,,,,MICS,
Afghanistan,4,2005,<50,13.6,12.5,,,6.0,5.0,,1.1,,,0.4,1.1,,0.8,0.3,,National survey,National Risk and Vulnerability Assessment 2005
Afghanistan,4,2006,10-49,18.6,15.5,0.7,,8.1,5.4,1.0,2.2,,,0.0,4.3,0.5,0.6,3.2,,National survey,2006 Afghanistan Health Survey
Afghanistan,4,2007,15-49,22.8,15.2,,,,,,,,,,7.6,,,,,National survey,Afghanistan 2007-2008 National Risk and Vulnerability Assessment
Albania,8,2000,15-49,57.5,15.3,0.9,0.2,5.6,0.7,0.0,7.9,0.0,0.0,0.0,42.2,7.5,31.8,2.8,115,MICS,
Albania,8,2002,15-44,75.1,8.0,4.0,0.0,1.0,0.4,0.5,2.1,0.0,,0.0,67.1,0.0,,,120,RHS,
Albania,8,2005,15-49,60.1,22.4,1.2,0.1,9.5,0.8,0.0,10.9,0.0,0.0,0.0,37.7,6.9,28.1,2.8,,MICS,
Albania,8,2008,15-49,69.3,10.2,3.0,,1.6,0.7,0.9,4.0,,,0.1,59.1,0.8,57.9,0.4,,DHS,
Algeria,12,1986,15-49,35.8,31.3,,,26.6,,2.1,0.5,,,2.1,4.5,1.4,3.1,,75,National survey,Enqute nationale sur la fŽconditŽ
Algeria,12,1992,15-49,50.9,43.2,1.1,0.0,38.9,0.1,2.4,0.5,0.2,,0.0,7.7,1.7,1.8,4.2,109,PAPCHILD,
Algeria,12,1995,15-49,56.9,49.4,,,44.2,0.1,4.0,0.8,,,0.3,7.5,2.4,0.6,4.5,109,MICS,
Algeria,12,2000,15-49,64.0,50.1,0.0,0.0,44.3,0.0,4.3,1.5,0.0,0.0,0.0,13.9,4.9,3.5,5.5,,MICS,
Algeria,12,2002,15-49,57.0,51.8,,,46.8,,3.1,,,,1.8,5.1,2.2,1.7,1.2,,PAPFAM,
Algeria,12,2006,15-49,61.4,52.0,1.1,,45.9,,2.3,2.3,,,0.3,9.4,4.1,3.3,2.0,,MICS,
Angola,24,1996,15-49,8.1,4.1,,,1.9,1.2,0.7,0.3,0.0,,0.0,4.0,1.2,0.2,2.7,,MICS,
Angola,24,2001,15-49,6.2,4.5,0.1,0.0,2.2,1.4,0.4,0.3,0.1,0.0,0.1,1.7,1.2,0.1,0.4,,MICS,
Anguilla,660,2003,15-45,43.0,40.8,2.6,0.0,17.6,1.7,2.6,15.0,0.4,0.0,0.9,2.6,0.9,1.7,0.0,,National survey,Anguilla Reproductive Health Survey
Antigua and Barbuda,28,1981,15-44,48.2,44.6,10.5,0.0,20.0,5.4,5.0,2.0,1.7,,0.0,2.4,1.3,1.1,0.0,,CPS,
Antigua and Barbuda,28,1988,15-44,52.6,50.6,11.4,0.0,26.2,3.2,1.1,5.5,3.2,,0.0,2.0,0.5,1.1,0.4,,CCPS,
Argentina,32,2001,15-49,65.3,63.8,,,30.4,,9.5,22.3,1.6,,0.0,13.3,9.1,,4.2,,National survey,Encuesta de Condiciones de Vida 2001
Armenia,51,1991,15-44,56.0,25.2,0.0,0.0,1.7,,7.8,15.7,,,0.0,30.8,,17.9,12.9,52,National survey,Study on Contraceptive Prevalence and use in Yerevan
Armenia,51,2000,15-49,60.5,20.4,2.7,0.0,1.1,0.1,9.4,6.9,0.2,0.0,0.0,40.1,4.8,31.9,3.4,118,DHS,
Armenia,51,2005,15-49,53.1,19.1,0.6,0.0,0.8,0.0,9.4,8.1,0.2,0.0,0.0,34.0,3.8,27.7,2.5,118,DHS,
Australia,36,1986,20-49,76.1,72.2,27.7,10.4,24.0,,4.9,4.4,0.8,,0.0,3.9,2.0,1.6,0.3,,National survey,Australian Family Project
Australia,36,1995,18-49,66.7,63.9,12.8,9.7,26.7,,2.0,11.7,,,1.0,2.7,2.0,,0.7,1,National survey,1995 National Health Survey
Australia,36,2001,16-59,70.8,70.8,15.9,13.7,23.8,1.1,0.8,15.2,0.8,0.8,0.1,6.3,3.1,3.2,0.0,,National survey,Australian Study of Health and Relationships
Austria,40,1995,20-49,50.9,46.8,,0.5,30.8,0.3,7.3,7.2,0.7,,0.0,4.1,2.5,0.7,0.9,27,FFS,
Azerbaijan,31,2000,15-49,55.1,15.8,0.5,0.1,3.3,0.4,9.3,2.1,0.1,0.0,0.0,39.3,4.3,30.6,4.4,115,MICS,
Azerbaijan,31,2001,15-44,55.4,11.9,1.2,0.0,1.0,0.0,6.1,3.2,0.3,,0.1,43.5,3.0,40.5,0.0,92,RHS,
Azerbaijan,31,2006,15-49,51.1,13.2,0.4,0.0,1.1,0.0,9.2,2.2,0.2,0.0,0.0,37.9,4.0,32.5,1.4,115,DHS,
Bahamas,44,1988,15-44,61.7,60.1,16.4,0.0,31.5,4.8,3.7,2.3,1.4,,0.0,1.6,,,,126,CCPS,
Bahrain,48,1989,15-49,53.8,30.3,7.2,,13.1,,1.6,8.2,,,0.2,23.5,,19.4,4.1,,GCHS,
Bahrain,48,1995,15-49,61.8,30.6,6.2,,10.9,0.0,2.9,9.6,0.0,,1.1,31.2,3.2,26.3,1.7,,GFHS,
Bangladesh,50,1975,10-49,7.7,5.0,0.6,0.5,2.7,,0.5,0.7,0.0,,0.0,2.7,0.9,0.5,1.3,,WFS,
Bangladesh,50,1979,10-49,12.7,8.9,2.4,0.9,3.6,0.2,0.2,1.5,0.1,,0.0,3.8,2.2,0.2,1.4,105,CPS,
Bangladesh,50,1981,10-49,18.6,11.0,4.0,0.8,3.5,0.4,0.4,1.6,0.3,,0.0,7.6,3.9,1.8,1.9,105,National survey,1981 Bangladesh Contraceptive Prevalence Survey
Bangladesh,50,1983,10-49,19.1,13.7,6.2,1.2,3.3,0.2,1.0,1.5,0.3,,0.0,5.4,2.4,1.3,1.8,105,National survey,1983-1984 Bangladesh Contraceptive Prevalence Survey
Bangladesh,50,1985,10-49,25.3,18.4,7.9,1.5,5.1,0.5,1.4,1.8,0.2,,0.0,6.9,3.8,0.9,2.2,105,National survey,1985-1986 Bangladesh Contraceptive Prevalence Survey
Bangladesh,50,1989,10-49,31.4,24.4,9.0,1.4,9.1,1.1,1.7,1.9,0.2,,0.0,7.1,3.9,1.2,2.0,105,National survey,1989 Bangladesh Contraceptive Prevalence Survey
Bangladesh,50,1989,10-49,30.8,23.2,8.5,1.2,9.6,0.6,1.4,1.8,0.1,,0.0,7.6,4.0,1.8,1.8,105,National survey,Bangladesh Fertility Survey 1989
Bangladesh,50,1991,10-49,39.9,31.2,9.1,1.2,13.9,2.6,1.8,2.5,,,0.0,8.7,4.7,2.0,2.0,105,National survey,1991 Bangladesh Contraceptive Prevalence Survey
Bangladesh,50,1993,10-49,44.6,36.2,8.1,1.1,17.4,4.5,2.2,3.0,,,0.0,8.4,4.8,2.5,1.1,,DHS,
Bangladesh,50,1996,10-49,49.2,41.6,7.6,1.1,20.8,6.2,1.8,3.9,,0.1,0.0,7.7,5.0,1.9,0.8,,DHS,
Bangladesh,50,1999,10-49,53.8,43.4,6.7,0.5,23.0,7.2,1.2,4.3,,0.5,0.0,10.3,5.4,4.0,0.9,,DHS,
Bangladesh,50,2004,10-49,58.1,47.3,5.2,0.6,26.2,9.7,0.6,4.2,,0.8,0.0,10.8,6.5,3.6,0.6,,DHS,
Bangladesh,50,2007,15-49,55.8,47.5,5.0,0.7,28.5,7.0,0.9,4.5,,0.7,0.0,8.3,4.9,2.9,0.6,30,DHS,
Barbados,52,1980,15-49,46.5,44.7,14.4,0.3,15.8,2.2,4.0,5.4,2.6,,0.0,1.9,,,,126,CPS,
Barbados,52,1988,15-44,55.0,53.3,10.0,0.3,27.0,0.9,5.2,7.4,2.6,,0.0,1.7,0.7,1.0,0.0,,CCPS,
Belarus,112,1995,18-34,50.4,42.1,0.8,0.0,6.7,0.0,29.0,4.8,0.8,0.0,0.0,8.3,3.0,5.2,0.1,105,National survey,World Bank Survey of Married Women 18-34
Belarus,112,2005,15-49,72.6,56.0,2.4,0.0,10.4,0.0,25.7,17.5,0.0,0.0,0.0,16.6,5.5,9.6,1.5,115,MICS,
Belgium,56,1966,20-40,72.0,10.8,,,5.0,,,2.9,0.7,,2.2,61.2,15.8,39.6,5.8,,National survey,First National Survey on Family Development
Belgium,56,1975,20-44,87.0,47.9,,,30.5,,3.5,7.8,0.0,,6.1,39.1,7.0,25.2,7.0,,National survey,Third National Survey on Family Development
Belgium,56,1982,20-44,81.0,63.2,,,31.6,,8.1,6.5,0.0,,17.0,17.8,4.1,5.7,8.0,,National survey,Fourth National Survey on Family Development
Belgium,56,1991,21-39,78.4,74.3,10.9,7.0,46.7,,5.0,4.7,0.1,,0.0,4.1,2.1,2.0,0.0,,FFS,
Belgium,56,1997,15-54,56.5,54.8,,,37.9,,5.2,,,,11.7,1.6,,,,,National survey,Enqute de santŽ Belgique 1997
Belgium,56,2001,15-49,75.6,74.0,,,47.5,,7.6,,,,18.9,1.3,,,,,National survey,Enqute de santŽ Belgique 2001
Belgium,56,2004,15-49,74.6,72.9,,,44.8,,9.7,,,,18.4,1.5,,,,
Belize,84,1991,15-44,46.7,41.8,18.7,0.0,14.9,4.3,1.9,1.9,,,0.0,4.9,2.5,,2.4,,National survey,1991 Belize Family Health Survey
Belize,84,1999,15-44,56.1,49.3,18.0,0.0,15.6,7.6,1.5,6.6,0.0,0.0,0.0,6.8,3.5,,3.3,115,RHS,
Belize,84,2006,15-49,34.3,31.2,8.9,0.1,10.8,5.0,2.1,4.1,0.1,0.1,0.0,3.2,1.7,0.3,1.2,115,MICS,
Benin,204,1981,15-49,6.6,0.7,0.0,0.1,0.3,0.0,0.1,0.2,0.0,,0.0,5.9,1.8,3.5,0.6,104,WFS,
Benin,204,1996,15-49,16.4,3.4,0.4,0.0,1.0,0.7,0.5,0.7,0.1,0.0,0.0,13.0,6.6,5.2,1.2,,DHS,
Benin,204,2001,15-49,18.6,6.8,0.3,0.0,1.8,2.1,0.8,1.3,0.2,0.3,0.0,11.8,6.9,4.3,0.6,115,DHS,
Benin,204,2006,15-49,17.0,5.9,0.3,0.0,1.5,1.8,0.6,1.1,0.0,0.5,0.0,11.1,6.9,3.6,0.5,,DHS,
Bhutan,64,1994,15-49,18.8,18.8,3.1,8.0,2.4,4.0,1.0,0.3,,,0.0,,,,,1,National survey,Bhutan National Health Survey 1994
Bhutan,64,2000,15-49,30.7,30.7,3.1,13.6,3.4,5.9,3.4,1.2,,0.0,0.0,,,,,,National survey,Bhutan National Health Survey 2000
Bhutan,64,2007,15-49,,35.4,,,,,,,,,,,,,,1,LSMS,
Bolivia (Plurinational State of),68,1983,15-49,23.6,9.9,2.4,0.1,2.7,0.4,3.4,0.4,0.5,,0.0,13.7,12.7,0.6,0.4,25,CPS,
Bolivia (Plurinational State of),68,1989,15-49,30.3,12.2,4.4,0.0,1.9,0.7,4.8,0.3,0.1,,0.0,18.0,16.1,1.0,0.9,,DHS,
Bolivia (Plurinational State of),68,1993,15-49,45.3,17.7,4.6,0.0,2.8,0.8,8.1,1.3,0.1,0.0,0.0,27.6,22.0,1.7,3.9,,DHS,
Bolivia (Plurinational State of),68,1998,15-49,48.3,25.2,6.5,0.0,3.8,1.1,11.1,2.6,0.0,0.0,0.0,23.1,20.0,2.3,0.8,113,DHS,
Bolivia (Plurinational State of),68,2000,15-49,53.4,27.3,4.3,0.0,3.8,3.2,12.6,3.3,0.0,0.0,0.0,26.1,21.3,0.5,4.3,115,MICS,
Bolivia (Plurinational State of),68,2003,15-49,58.4,32.4,6.5,0.0,3.6,8.0,10.2,3.9,0.2,0.0,0.0,25.9,19.4,3.8,2.7,115,DHS,
Bolivia (Plurinational State of),68,2008,15-49,60.5,33.8,6.5,0.1,3.3,11.3,8.4,4.0,0.1,0.0,0.0,26.7,20.8,4.9,1.0,118,DHS,
Bosnia and Herzegovina,70,1970,15-44,42.9,3.1,,,1.4,,0.2,1.5,,,0.0,39.8,0.6,39.2,0.0,,National survey,1970 Yugoslavia Fertility Survey
Bosnia and Herzegovina,70,2000,15-49,47.5,15.7,0.1,0.0,4.5,0.0,7.9,3.1,0.1,0.0,0.0,31.7,4.1,26.9,0.7,,MICS,
Bosnia and Herzegovina,70,2005,15-49,35.7,11.2,0.1,0.0,3.4,0.0,3.6,4.1,0.0,0.0,0.1,24.5,2.7,21.4,0.4,,MICS,
Botswana,72,1984,15-49,27.8,18.6,1.5,0.0,10.0,1.0,4.8,1.2,0.1,,0.0,9.2,0.3,0.3,8.6,105,CPS,
Botswana,72,1988,15-49,33.0,31.7,4.3,0.3,14.8,5.4,5.6,1.3,0.0,,0.0,1.3,0.2,0.3,0.8,105,DHS,
Botswana,72,1996,15-49,41.7,,,,,,,,,,,,,,,1,National survey,1996 Botswana Family Health Survey III
Botswana,72,2000,15-49,44.4,42.1,1.2,0.2,14.3,8.1,1.7,15.5,0.1,0.4,0.6,2.3,0.2,0.0,2.1,105,MICS,
Brazil,76,1986,15-44,65.8,56.7,26.9,0.8,25.2,0.6,1.0,1.7,0.5,0.0,0.0,9.3,4.3,5.0,0.0,30,DHS,
Brazil,76,1996,15-49,76.7,70.3,40.1,2.6,20.7,1.2,1.1,4.4,0.1,0.0,0.0,6.4,3.0,3.1,0.3,113,DHS,
Brazil,76,2006,15-49,80.3,77.1,29.1,5.1,24.7,4.0,1.9,12.2,0.0,0.1,0.0,3.2,1.1,2.1,0.0,,National survey,Pesquisa Nacional Sobre Demografia e Saude 2006
Bulgaria,100,1976,15-44,75.0,6.0,,,2.5,,1.4,2.1,0.0,,0.0,69.1,3.8,59.0,6.3,,National survey,1976 Bulgarian Fertility Survey
Bulgaria,100,1995,15-44,85.9,45.6,,,9.3,,22.3,14.0,,,0.0,40.3,4.1,34.2,2.0,104,National survey,1995 Women in Transition Survey
Bulgaria,100,1997,20-44,63.4,39.6,,,10.7,,10.6,16.7,1.2,,0.4,23.8,,19.6,4.2,,FFS,
Burkina Faso,854,1992,15-49,7.9,4.2,,,2.1,0.1,0.7,0.8,0.1,,0.3,3.7,3.5,0.0,0.2,,DHS,
Burkina Faso,854,1998,15-49,11.9,4.8,,,1.8,1.1,0.4,1.2,,,0.4,7.0,4.6,0.2,2.2,,DHS,
Burkina Faso,854,2003,15-49,13.8,8.6,0.1,0.0,2.2,2.5,0.4,2.1,0.0,1.2,0.0,5.1,3.1,0.1,1.9,,DHS,
Burkina Faso,854,2006,15-49,17.4,13.3,0.1,0.0,4.6,5.0,0.1,1.4,0.1,2.0,0.0,4.1,2.9,0.1,1.1,115,MICS,
Burundi,108,1987,15-49,8.7,1.2,0.1,0.0,0.2,0.5,0.3,0.1,0.0,,0.0,7.5,4.8,0.7,2.0,107,DHS,
Burundi,108,2000,15-49,15.7,10.0,0.2,0.1,3.9,4.7,0.8,0.2,0.0,0.0,0.0,5.6,3.4,0.0,2.3,115,MICS,
Burundi,108,2002,15-49,19.7,8.5,0.1,0.0,2.4,4.7,0.8,0.5,0.0,,0.0,11.2,9.2,1.9,0.1,,National survey,Enqute Socio-dŽmographique et de SantŽ de la Reproduction Burundi 2002
Burundi,108,2005,15-49,9.1,7.5,0.2,0.0,1.8,5.0,0.1,0.3,0.0,0.0,0.0,1.6,1.0,0.2,0.4,115,MICS,
Cambodia,116,1995,15-44,12.6,6.9,1.3,,1.3,2.3,1.6,0.3,,,0.1,5.7,,,,,National survey,KAP Survey on Fertility and Contraception
Cambodia,116,1998,15-49,21.8,16.1,0.9,0.0,5.8,7.0,1.8,0.6,0.0,0.0,0.0,5.7,,,,,National survey,National Health Survey 1998
Cambodia,116,2000,15-49,23.8,18.5,1.5,0.2,7.2,7.4,1.3,0.9,0.0,0.1,0.0,5.3,2.7,2.2,0.4,118,DHS,
Cambodia,116,2005,15-49,40.0,27.1,1.7,0.1,12.6,7.9,1.8,2.9,0.0,0.2,0.0,12.9,4.5,8.3,0.2,,DHS,
Cameroon,120,1978,15-49,2.4,0.6,,,0.2,0.0,0.2,0.2,0.0,,0.0,1.8,1.1,0.4,0.3,,WFS,
Cameroon,120,1991,15-49,16.1,4.3,1.2,0.0,1.2,0.4,0.3,0.9,0.3,,0.0,11.8,6.8,1.5,3.6,105,DHS,
Cameroon,120,1998,15-49,19.3,7.1,1.5,,2.0,0.7,0.6,2.1,,,0.2,12.3,9.6,1.6,1.0,,DHS,
Cameroon,120,2000,15-49,25.6,6.3,1.0,0.0,1.7,1.0,0.2,1.9,0.2,0.2,0.1,19.3,11.0,0.6,7.8,,MICS,
Cameroon,120,2004,15-49,26.0,12.5,1.2,0.0,1.6,1.4,0.3,7.6,0.0,0.3,0.0,13.5,10.2,2.1,1.2,115,DHS,
Cameroon,120,2006,15-49,29.2,12.0,0.4,0.0,1.9,2.3,0.3,6.5,0.0,0.6,0.1,17.2,13.1,0.6,3.5,,MICS,
Canada,124,1984,18-49,73.1,69.7,30.6,12.9,11.0,,5.8,7.9,1.5,,0.0,3.6,2.2,1.0,0.4,31,National survey,1984 Canadian Fertility Survey
Canada,124,1995,15-49,74.7,73.3,30.6,15.2,14.4,,2.9,9.4,0.8,,0.0,1.5,0.6,0.7,0.2,,FFS,
Canada,124,1998,18-44,80.0,76.0,16.0,24.0,16.0,,2.0,15.0,3.0,,0.0,8.0,2.0,6.0,0.0,,National survey,1998 Canadian Contraception Study
Canada,124,2002,18-44,74.0,72.0,11.0,22.0,21.0,1.0,1.0,15.0,1.0,,0.0,9.0,3.0,6.0,0.0,,National survey,2002 Canadian Contraception Study
Cape Verde,132,1988,15-49,23.8,19.0,,,,,,,,,,4.8,,,,,National survey,InquŽrito sobre a Fecundidade em Cabo Verde 1988
Cape Verde,132,1998,15-49,52.9,46.0,12.8,0.0,18.2,7.7,4.3,3.0,0.1,,0.0,6.9,4.9,2.0,0.1,30,RHS,
Cape Verde,132,2005,15-49,61.3,57.1,14.8,,21.4,11.3,2.2,6.1,,,1.3,4.2,1.9,2.2,0.1,,DHS,
Central African Republic,140,1994,15-49,14.8,3.3,0.4,0.0,1.1,0.6,0.1,1.0,0.1,0.0,0.0,11.5,4.9,0.5,6.1,107,DHS,
Central African Republic,140,2000,15-49,27.9,6.9,0.3,0.0,4.8,0.6,0.2,0.9,0.0,0.0,0.0,21.0,14.7,0.8,5.5,,MICS,
Central African Republic,140,2006,15-49,19.0,8.6,0.3,0.1,4.4,0.2,0.1,3.5,0.0,0.0,0.0,10.5,6.8,0.4,3.3,115,MICS,
Chad,148,1996,15-49,4.1,1.2,0.2,0.0,0.6,0.2,0.0,0.2,0.0,0.0,0.0,3.0,2.2,0.3,0.6,,DHS,
Chad,148,2000,15-49,7.9,2.1,0.6,0.0,1.1,0.2,0.1,0.0,0.1,0.0,0.0,5.8,1.5,0.0,4.4,115,MICS,
Chad,148,2004,15-49,2.8,1.7,0.2,,0.5,0.5,0.0,0.4,,,0.1,1.1,1.1,0.0,0.0,83,DHS,
Chile,152,2001,15-44,60.7,57.9,5.7,0.0,23.3,0.6,21.7,6.5,0.1,,0.0,2.7,1.4,0.3,1.0,,National survey,Encuesta Nacional de Calidad de Vida y Salud 2001
Chile,152,2006,15-44,64.2,,7.1,,29.1,,18.9,9.1,,,,,,,,,National survey,Encuesta Nacional de Calidad de Vida y Salud 2006
China,156,1982,15-49,69.5,66.7,17.6,6.9,5.9,,34.9,1.4,,,0.0,2.8,,,,2,National survey,1982 National One-per-thousand Population Sample on Fertility
China,156,1988,15-49,71.1,69.9,27.2,7.8,3.5,,29.5,1.9,,,0.0,1.2,,,,2,National survey,1988 National Fertility and Family Planning Survey
China,156,1992,15-49,84.6,83.7,35.9,10.2,3.1,,33.1,1.4,,,0.0,0.9,,,,,National survey,1992 National Fertility and Family Planning Survey
China,156,1997,15-49,83.8,83.3,33.5,7.7,1.7,,36.4,3.4,0.2,0.4,0.0,0.5,,,,,National survey,1997 Demographic and Reproductive Health Survey
China,156,2001,15-49,86.9,86.2,33.1,6.9,,,39.6,4.4,,0.3,1.8,0.7,,,,97,National survey,2001 National Family Planning and Reproductive Health Survey
China,156,2006,15-49,84.6,84.0,28.7,4.5,1.2,0.0,40.6,8.5,0.2,0.3,0.0,0.6,0.3,0.3,,,National survey,2006 National Family Planning and Reproductive Health Survey









Colombia,170,1969,15-49,20.5,8.9,,,4.8,,2.7,,,,1.4,11.5,,,,62,National survey,Encuesta Nacional de Fecundidad Colombia 1969
Colombia,170,1976,15-49,42.5,30.4,4.0,0.2,13.3,0.4,8.5,1.7,2.3,,0.0,12.0,5.1,4.7,2.2,106,WFS,
Colombia,170,1978,15-49,46.1,37.3,7.5,0.0,17.2,,7.7,1.4,,,3.5,8.7,4.0,,4.7,,CPS,
Colombia,170,1980,15-49,48.5,41.0,10.7,0.2,17.4,,8.1,,,,4.6,7.6,4.9,,2.7,,CPS,
Colombia,170,1986,15-49,64.8,52.5,18.3,0.4,16.4,2.4,11.0,1.7,2.3,,0.0,12.3,5.7,5.7,0.9,105,DHS,
Colombia,170,1990,15-49,66.1,54.7,20.9,0.5,14.1,2.2,12.4,2.9,1.7,,0.0,11.4,6.1,4.8,0.5,,DHS,
Colombia,170,1995,15-49,72.2,59.3,25.7,0.7,12.9,2.5,11.1,4.3,1.4,0.7,0.0,12.9,5.2,5.8,1.8,113,DHS,
Colombia,170,2000,15-49,76.9,63.3,27.1,1.0,11.8,4.0,12.4,6.1,0.8,0.2,0.0,13.7,6.0,6.3,1.4,,DHS,
Colombia,170,2004,15-49,78.2,67.6,31.2,1.8,9.7,5.8,11.2,7.1,0.5,0.3,0.0,10.6,3.8,5.7,1.2,118,DHS,
Comoros,174,1996,15-49,21.0,11.4,2.8,0.0,2.9,4.3,0.3,1.0,0.0,0.0,0.0,9.6,3.3,5.4,0.9,113,DHS,
Comoros,174,2000,15-49,25.7,19.3,0.7,0.0,8.3,8.5,0.4,0.7,0.0,0.7,0.0,6.4,2.9,1.2,2.3,115,MICS,
Congo,178,2005,15-49,44.3,12.7,0.2,,2.3,1.0,0.1,8.9,,,0.1,31.6,23.8,5.3,2.5,,DHS,
Cook Islands,184,1996,15-49,63.2,60.4,11.3,0.0,22.6,20.8,3.3,2.4,0.0,4.7,0.0,6.1,1.4,2.8,2.8,30,National survey,
Cook Islands,184,1999,15-49,43.2,38.2,4.4,0.6,15.2,16.3,1.4,0.3,0.0,,0.0,4.9,0.3,1.1,3.5,,National survey,Reproductive Health Knowledge and Services in the Cook Islands
Costa Rica,188,1976,20-49,64.4,53.5,12.3,1.0,22.5,2.0,5.2,8.8,1.7,,0.0,10.9,5.1,4.6,1.2,106,WFS,
Costa Rica,188,1978,15-49,63.8,54.9,14.0,0.8,23.3,2.0,4.8,8.7,1.3,,0.0,8.9,4.9,3.5,0.5,113,CPS,
Costa Rica,188,1981,15-49,65.2,55.9,17.3,0.5,20.6,2.2,5.7,8.4,1.2,,0.0,9.3,6.2,2.8,0.3,113,CPS,
Costa Rica,188,1986,15-44,69.5,58.2,13.9,0.5,20.7,1.0,8.0,13.4,0.7,,0.0,11.3,8.1,3.1,0.1,,National survey,Encuesta Nacional de Fecundidad y Salud
Costa Rica,188,1992,15-49,75.0,64.6,19.7,1.3,18.0,1.0,8.7,15.7,0.2,0.0,0.0,10.3,7.0,3.3,0.1,,RHS,
Costa Rica,188,1999,18-44,80.0,71.5,21.4,0.5,25.6,5.9,6.9,10.9,0.3,0.0,0.0,8.5,6.5,1.8,0.2,,National survey,Encuesta Nacional de Salud Reproductiva 1999
C™te d'Ivoire,384,1980,15-49,2.9,0.5,,,0.4,,0.1,0.0,0.0,,0.0,2.4,0.3,0.1,2.0,106,WFS,
C™te d'Ivoire,384,1994,15-49,11.4,4.3,,,2.2,0.8,,0.7,,,0.7,7.1,6.0,,1.1,,DHS,
C™te d'Ivoire,384,1998,15-49,15.0,7.3,0.1,0.0,3.5,1.4,0.4,1.8,0.0,0.0,0.0,7.8,6.2,0.4,1.2,113,DHS,
C™te d'Ivoire,384,2006,15-49,12.9,8.0,,,5.5,1.1,,1.0,,,0.5,4.9,3.0,,1.9,,MICS,
Croatia,191,1970,15-44,58.0,7.0,,,3.1,,0.4,3.5,,,0.0,51.0,3.4,47.6,0.0,,National survey,1970 Yugoslavia Fertility Survey
Cuba,192,1987,15-49,70.0,67.0,22.0,0.0,10.0,0.0,33.0,2.0,0.0,0.0,0.0,2.0,1.0,1.0,0.0,30,National survey,Encuesta Nacional de Fecundidad
Cuba,192,2000,15-49,73.3,72.1,19.0,0.0,3.6,0.7,43.5,5.0,0.1,0.3,0.0,1.2,0.6,0.4,0.3,,MICS,
Cuba,192,2006,15-49,72.6,71.6,19.0,0.0,5.5,0.9,35.2,10.6,0.1,0.1,0.2,1.0,0.5,0.3,0.2,,MICS,
Czech Republic,203,1970,<45,66.0,24.3,0.0,0.0,2.6,,9.2,12.5,0.0,,0.0,41.6,2.0,34.3,5.3,,National survey,Marriage Reproduction Survey
Czech Republic,203,1977,18-44,95.0,49.3,2.8,0.0,14.2,,18.0,13.3,1.0,,0.0,45.7,6.7,29.5,9.5,,National survey,The Czechoslovak Fertility Survey 1977
Czech Republic,203,1991,15-44,78.0,53.0,2.0,,7.0,,17.0,27.0,0.0,,0.0,25.0,,,,
Czech Republic,203,1993,15-44,68.9,44.9,2.7,0.0,8.0,,15.3,18.7,0.2,,0.0,24.1,1.9,22.2,0.0,,RHS,
Czech Republic,203,1997,15-44,72.0,62.6,7.2,5.1,23.1,,13.9,12.7,0.7,,0.0,9.5,1.7,7.3,0.5,30,FFS,
Democratic People's Republic of Korea,408,1990,15-49,61.9,53.0,4.1,0.3,0.1,0.0,48.5,0.0,0.0,0.0,0.0,8.9,,,,126,National survey,The Basic Study on Contraceptive Methods among Women in our Country
Democratic People's Republic of Korea,408,1997,15-49,67.3,55.8,,,1.3,,49.5,0.9,,,4.1,11.6,10.4,1.2,0.0,,National survey,1997 Reproductive Health Survey DPR Korea
Democratic People's Republic of Korea,408,2002,15-49,68.6,58.2,4.4,0.8,3.7,0.0,42.8,5.8,0.7,0.0,0.0,10.4,,,,,National survey,2002 Reproductive Health Survey DPR Korea
Democratic Republic of the Congo,180,1982,13-49,25.8,4.4,1.2,0.0,1.4,0.8,0.7,0.3,0.1,,0.0,21.4,7.5,3.0,10.9,107,CPS,
Democratic Republic of the Congo,180,1991,12-49,7.7,2.3,0.3,0.0,0.5,0.4,0.1,0.5,0.2,,0.3,5.4,,,,,National survey,1991 Zaire National Immunization Survey
Democratic Republic of the Congo,180,2001,15-49,31.4,4.4,0.4,0.1,1.0,0.3,0.1,2.3,0.1,0.0,0.0,27.1,17.2,3.1,6.8,,MICS,
Democratic Republic of the Congo,180,2007,15-49,20.6,5.8,0.8,,1.0,0.4,0.2,3.4,,,0.1,14.9,11.0,3.1,0.8,,DHS,
Denmark,208,1970,<45,67.0,54.0,,,24.8,,2.7,20.1,,,6.4,13.0,1.3,4.7,7.0,,National survey,Danish Fertility Survey of 1970
Denmark,208,1975,18-44,63.0,59.9,,,22.1,,8.8,24.6,4.4,,0.0,3.1,0.6,1.3,1.2,,National survey,Danish Fertility Survey of 1975
Denmark,208,1988,15-44,78.0,72.0,5.0,5.0,26.0,,11.0,22.0,3.0,,0.0,6.0,2.0,4.0,0.0,,National survey,Contraception Survey
Djibouti,262,2002,15-49,9.0,5.8,,,4.2,,,,,,,2.8,,,2.5,,PAPFAM,
Djibouti,262,2006,15-49,17.8,17.1,0.4,0.0,13.6,2.5,0.4,0.2,0.0,0.0,0.0,0.7,,,,,MICS,
Dominica,212,1981,15-44,62.3,57.5,18.2,0.0,20.2,11.2,2.5,4.8,0.8,,0.0,2.3,1.3,1.0,0.0,,CPS,
Dominica,212,1987,15-44,49.8,47.9,11.9,0.0,17.2,11.2,1.6,6.0,0.0,,0.0,1.9,,,,126,CCPS,
Dominican Republic,214,1975,15-49,31.8,26.0,11.9,0.1,7.9,0.2,2.8,1.5,1.6,,0.0,5.8,1.2,3.7,0.9,104,WFS,
Dominican Republic,214,1980,15-49,42.0,35.0,,,9.0,,,,,,26.0,6.0,,,,,WFS,
Dominican Republic,214,1983,15-49,45.8,41.8,27.4,0.1,8.6,,3.8,1.5,0.3,,0.1,4.0,1.1,2.5,0.4,106,CPS,
Dominican Republic,214,1986,15-49,50.0,46.7,32.9,0.1,8.8,0.1,3.0,1.4,0.2,0.2,0.0,3.3,1.4,1.5,0.4,,DHS,
Dominican Republic,214,1991,15-49,56.4,51.7,38.5,,9.8,,1.8,1.2,,,0.5,4.7,2.0,2.2,0.5,87,DHS,
Dominican Republic,214,1996,15-49,63.7,59.2,40.9,,12.9,,2.5,1.4,,0.6,0.9,4.4,1.8,1.9,0.7,85,DHS,
Dominican Republic,214,1999,15-49,69.2,64.2,43.5,0.2,14.5,0.8,3.2,0.9,,0.5,0.6,5.0,1.9,3.1,0.0,27,DHS,
Dominican Republic,214,2000,15-49,64.7,62.5,42.9,0.0,14.2,1.6,2.5,0.9,0.0,0.4,0.0,2.2,1.4,0.1,0.7,115,MICS,
Dominican Republic,214,2002,15-49,69.8,65.4,45.8,0.1,13.5,1.9,2.2,1.3,0.0,0.5,0.0,4.4,1.4,1.7,1.3,115,DHS,
Dominican Republic,214,2006,15-49,61.3,60.0,36.9,,14.1,4.1,1.9,2.0,,,1.0,1.3,,,,,National survey,Encuesta Nacional de Hogares de Prop—sitos Mœltiples 2006
Dominican Republic,214,2007,15-49,72.9,69.5,47.4,0.0,13.4,4.2,2.1,1.9,,0.6,0.0,3.4,1.3,1.5,0.6,118,DHS,
Ecuador,218,1979,15-49,33.6,25.8,7.8,0.2,9.5,0.9,4.8,1.0,1.6,,0.0,7.9,4.8,2.3,0.8,106,WFS,
Ecuador,218,1982,15-49,39.9,32.9,12.4,0.0,10.3,0.7,6.4,1.1,2.0,,0.0,7.0,4.8,1.5,0.7,114,CPS,
Ecuador,218,1987,15-49,44.3,35.8,15.0,0.0,8.5,0.7,9.8,0.6,1.2,,0.0,8.4,6.1,2.0,0.3,,DHS,
Ecuador,218,1989,15-49,52.9,41.6,18.3,0.2,8.6,0.4,11.9,1.3,0.8,0.0,0.0,11.3,8.8,2.5,0.0,,National survey,Encuesta Demogr‡fica y de Salud Materna e Infantil 1989
Ecuador,218,1993,15-49,56.8,45.9,19.8,0.1,10.2,0.5,11.8,2.6,0.6,0.0,0.3,10.9,7.4,3.5,0.0,,RHS,
Ecuador,218,1999,15-49,65.8,51.4,22.5,0.0,11.1,3.5,10.1,2.7,0.2,0.0,1.4,14.4,7.9,6.5,0.0,,RHS,
Ecuador,218,2004,15-49,72.7,58.7,24.2,0.0,13.3,5.9,10.1,4.3,0.2,0.0,0.7,14.0,7.5,5.7,0.8,,RHS,
Egypt,818,1974,15-49,24.9,22.4,0.0,0.0,19.9,0.0,2.5,0.0,0.0,,0.0,2.4,,,,,National survey,National Fertility Survey 1974-1975
Egypt,818,1980,<44,31.4,29.7,0.7,0.1,21.7,0.1,5.3,1.3,0.3,,0.1,1.8,0.6,0.4,0.6,,WFS,
Egypt,818,1984,<50,30.3,28.7,1.5,0.0,16.5,0.3,8.4,1.3,0.7,,0.0,1.6,0.6,0.3,0.7,109,CPS,
Egypt,818,1988,15-49,37.8,35.4,1.5,0.0,15.3,0.1,15.7,2.4,0.4,0.0,0.0,2.4,0.6,0.5,1.3,109,DHS,
Egypt,818,1991,15-49,47.6,44.3,1.3,0.0,15.9,0.5,24.1,2.1,0.4,,0.0,3.3,0.7,0.3,2.3,109,PAPCHILD,
Egypt,818,1992,15-49,47.1,44.8,1.1,0.0,12.9,0.5,27.9,2.0,0.4,0.0,0.0,2.3,0.7,0.7,1.0,109,DHS,
Egypt,818,1995,15-49,47.9,45.5,1.1,0.0,10.4,2.4,30.0,1.4,0.1,0.0,0.0,2.4,0.8,0.5,1.1,109,DHS,
Egypt,818,1997,15-49,54.5,51.8,1.4,0.0,10.2,3.9,34.6,1.5,0.2,0.1,0.0,2.6,0.6,0.4,1.6,109,DHS,
Egypt,818,1998,15-49,51.7,49.5,1.3,0.0,8.7,3.9,34.3,1.1,0.1,0.0,0.0,2.3,0.8,0.3,1.2,109,DHS,
Egypt,818,2000,15-49,56.1,53.9,1.4,0.0,9.5,6.1,35.5,1.0,0.2,0.2,0.0,2.2,0.6,0.2,1.3,109,DHS,
Egypt,818,2003,15-49,60.0,56.6,0.9,0.0,9.3,7.9,36.7,0.9,0.1,0.9,0.0,3.4,0.8,0.4,2.2,109,DHS,
Egypt,818,2005,15-49,59.2,56.5,1.3,0.0,9.9,7.0,36.5,1.0,0.0,0.8,0.0,2.7,0.7,0.3,1.7,109,DHS,
Egypt,818,2008,15-49,60.3,57.6,1.0,0.0,11.9,7.4,36.1,0.7,0.0,0.5,0.0,2.7,0.4,0.2,2.0,109,DHS,
El Salvador,222,1975,15-44,21.6,20.0,,,7.3,,2.0,0.6,,,10.1,1.6,,,,,National survey,Encuesta Nacional de Salud Familiar 1975
El Salvador,222,1978,15-44,34.4,32.3,,,8.7,,3.3,1.5,,,18.9,2.0,,,,
El Salvador,222,1985,15-44,47.3,44.5,31.8,0.7,6.6,0.7,3.3,1.2,0.2,,0.0,2.8,1.9,0.8,0.1,,DHS,
El Salvador,222,1988,15-44,47.1,43.5,29.6,0.6,7.6,0.9,2.0,2.4,0.4,,0.0,3.4,2.4,1.0,0.0,30,National survey,Encuesta Nacional de Salud Familiar 1988
El Salvador,222,1993,15-44,53.3,48.4,31.5,0.4,8.7,3.6,2.1,2.1,0.0,0.0,0.0,5.0,3.0,2.0,0.0,,RHS,
El Salvador,222,1998,15-44,59.7,54.1,32.4,,8.1,8.9,1.5,2.5,,,0.7,5.7,3.1,2.6,0.0,,RHS,
El Salvador,222,2002,15-44,67.3,61.0,32.7,0.0,5.8,18.3,1.3,2.9,0.0,0.0,0.0,6.4,2.9,2.6,0.9,115,RHS,
El Salvador,222,2008,15-44,72.5,65.9,32.1,0.3,5.5,22.5,0.8,4.6,,0.1,0.0,6.6,3.7,2.6,0.3,115,RHS,
Equatorial Guinea,226,2000,15-49,10.1,6.1,0.5,0.1,1.5,2.3,0.7,0.4,0.3,0.1,0.2,4.0,2.0,0.6,1.4,,MICS,
Eritrea,232,1995,15-49,8.0,4.0,0.3,0.0,2.0,0.8,0.6,0.3,0.0,,0.0,4.0,0.8,0.2,3.0,109,DHS,
Eritrea,232,2002,15-49,8.0,5.1,0.2,0.0,1.4,2.6,0.4,0.6,0.0,0.0,0.0,2.9,0.7,0.1,2.1,115,DHS,
Estonia,233,1994,20-49,70.3,56.4,,,3.9,,35.9,16.1,0.6,,0.0,13.8,8.1,4.5,1.2,,FFS,
Ethiopia,231,1990,15-49,4.8,2.9,0.3,0.0,2.2,0.0,0.3,0.1,0.0,,0.0,1.9,0.5,0.1,1.2,,National survey,1990 National Family and Fertility Survey
Ethiopia,231,1997,15-49,3.3,2.8,,,,,,,,,,0.5,,,,,National survey,Southern Nations Community and Family Survey 1997
Ethiopia,231,2000,15-49,8.1,6.3,0.3,0.0,2.5,3.1,0.1,0.3,0.0,0.0,0.0,1.7,1.5,0.2,0.1,,DHS,
Ethiopia,231,2005,15-49,14.7,13.7,0.2,0.0,3.1,9.9,0.2,0.2,0.0,0.2,0.0,1.0,0.6,0.3,0.2,,DHS,
Fiji,242,1974,15-49,40.9,35.1,15.8,0.1,8.2,0.3,4.7,6.0,0.0,,0.0,5.8,2.3,2.8,0.7,105,WFS,
Finland,246,1971,<45,77.0,53.9,,,20.0,,3.1,30.8,0.0,,0.0,23.1,0.8,16.2,6.1,,National survey,1971 Finnish Sex Life Survey
Finland,246,1977,18-44,80.0,77.2,4.0,0.8,11.2,,28.8,32.0,0.4,,0.0,2.8,0.4,2.4,0.0,2,National survey,1977 Finnish Fertility Survey
Finland,246,1989,25-49,77.4,75.4,14.9,1.1,11.3,1.9,25.8,20.1,0.3,,0.0,2.1,0.7,0.6,0.8,61,FFS,
France,250,1971,<45,64.0,20.9,0.0,0.0,10.9,,1.3,7.7,,,1.0,43.1,9.0,33.2,0.9,,National survey,Enqute sur la contraception en France en 1971
France,250,1978,20-44,78.7,47.6,,,26.6,,10.3,6.1,,,4.6,31.1,6.4,22.2,2.5,62,National survey,Enqute sur la contraception en France en 1978
France,250,1988,20-44,81.2,66.6,6.7,0.0,29.7,,25.9,4.3,,,0.0,14.6,6.4,6.6,1.6,,National survey,Enqute sur la RŽgulation des Naissances
France,250,1994,20-49,74.5,69.3,8.0,,35.6,,19.9,5.0,0.7,,0.0,5.3,1.6,3.2,0.5,,FFS,
France,250,2000,18-44,81.8,76.5,,,43.8,,21.9,4.7,0.6,,5.5,5.3,1.6,3.1,0.6,,National survey,Enqute Cohorte Contraception 2000
France,250,2004,15-49,76.6,74.8,,,41.5,,22.7,6.8,0.6,,3.2,1.7,0.3,1.0,0.4,,National survey,Enqute du Baromtre SantŽ 2005
Gabon,266,2000,15-49,32.7,11.8,1.0,,4.8,0.5,,5.1,,,0.3,21.0,15.8,1.8,3.4,,DHS,
Gambia,270,1990,15-49,11.8,6.7,0.4,0.0,3.3,1.7,0.9,0.4,0.0,,0.0,5.1,3.1,0.0,2.0,113,National survey,Gambian Contraceptive Prevalence and Fertility Determinants Survey 1990
Gambia,270,2000,15-49,9.5,8.7,0.1,0.0,3.8,3.8,0.8,0.1,0.0,0.0,0.0,0.8,0.1,0.2,0.5,115,MICS,
Gambia,270,2001,15-49,17.5,12.7,0.7,,6.5,3.5,1.4,0.5,0.1,,0.0,2.4,2.1,0.2,0.1,,National survey,Mortality and Contraceptive Prevalence Survey 2001
Georgia,268,1999,15-44,40.5,19.8,1.6,,1.0,0.0,9.7,6.3,0.1,,1.0,20.7,10.2,10.5,0.0,,RHS,
Georgia,268,2005,15-44,47.3,26.6,2.2,0.0,3.2,0.0,11.6,8.7,0.9,,0.0,20.7,9.5,11.2,0.0,,RHS,
Germany,276,1985,15-44,77.9,67.6,10.3,2.1,33.7,0.0,14.6,5.7,1.2,,0.0,10.3,4.2,4.2,1.9,,National survey,Survey of Family Planning Behaviour in the Federal Republic of Germany 1985
Germany,276,1992,20-39,70.1,65.6,5.5,0.5,52.6,0.0,5.3,1.1,0.6,,0.0,4.5,3.7,0.5,0.3,,FFS,
Ghana,288,1979,15-49,9.5,5.5,0.5,0.0,2.4,0.1,0.3,0.6,1.6,,0.0,4.0,0.7,0.2,3.1,106,WFS,
Ghana,288,1988,15-49,12.9,5.2,1.0,0.0,1.8,0.3,0.5,0.3,1.3,,0.0,7.7,6.2,0.9,0.6,,DHS,
Ghana,288,1991,15-49,17.2,7.2,0.2,0.0,3.4,0.9,0.8,1.2,,,0.7,9.9,2.8,0.1,7.0,106,LSMS,
Ghana,288,1993,15-49,20.3,10.1,0.9,0.0,3.2,1.6,0.9,2.2,1.2,0.0,0.0,10.1,7.5,2.1,0.5,30,DHS,
Ghana,288,1998,15-49,22.0,12.8,1.3,0.0,3.9,3.1,0.7,2.7,0.9,0.1,0.0,9.2,6.6,1.5,1.1,115,DHS,
Ghana,288,1998,15-49,15.0,10.6,0.3,0.0,5.4,2.5,0.3,1.9,,,0.2,4.3,2.5,0.3,1.5,106,LSMS,
Ghana,288,2003,15-49,25.2,18.4,1.9,0.0,5.5,5.4,0.9,3.1,0.5,1.0,0.1,6.8,5.1,0.8,0.9,118,DHS,
Ghana,288,2005,15-49,24.2,15.7,0.1,0.0,5.9,5.2,0.3,3.5,0.2,0.3,0.2,8.4,4.4,0.7,3.3,116,LSMS,
Ghana,288,2006,15-49,16.6,13.6,0.4,0.0,4.7,5.8,0.3,1.5,0.3,0.6,0.1,3.1,2.1,0.2,0.7,,MICS,
Ghana,288,2008,15-49,23.5,16.6,1.6,0.0,4.7,6.2,0.2,2.4,0.3,0.9,0.1,6.9,4.7,1.4,0.8,,DHS,
Greece,300,1983,15-44,77.2,31.6,0.8,0.0,1.2,,2.0,27.4,0.2,,0.0,45.6,,35.1,10.5,
Greece,300,1999,20-49,61.3,33.6,5.8,0.0,2.2,0.0,3.6,22.0,0.0,,0.0,27.7,2.4,25.3,0.0,,FFS,
Greece,300,2001,16-45,76.2,45.9,,,4.8,,3.6,33.9,,,3.6,30.3,,28.8,1.5,,National survey,Attitudes and Behavior towards Contraception among Greek Women during Reproductive Age: a Country-wide Survey 2001
Grenada,308,1985,15-44,31.0,27.3,2.2,0.0,7.8,2.9,2.6,8.0,3.8,,0.0,3.5,0.6,2.9,0.0,30,CCPS,
Grenada,308,1990,15-44,54.3,52.1,1.0,0.0,15.1,9.0,3.0,21.9,2.1,,0.0,2.1,,,,27,National survey,Family Planning Users Poll
Guadeloupe,312,1975,15-49,29.4,21.1,8.0,,6.6,,2.4,3.7,0.2,,0.2,8.3,3.2,4.2,0.9,,National survey,Enqute sur la FŽconditŽ et la Contraception en Guadeloupe 1976
Guam,316,2002,18-44,66.6,58.3,18.2,3.9,24.0,4.6,0.7,6.9,0.0,0.0,0.0,8.3,2.5,2.1,3.7,,National survey,Behavioral Risk Factor Surveillance System
Guatemala,320,1978,15-44,18.1,15.2,5.9,0.4,5.4,1.1,1.3,0.7,0.4,,0.0,2.9,2.6,0.3,0.0,108,CPS,
Guatemala,320,1983,15-44,25.0,20.6,10.2,0.9,4.7,,2.6,1.2,,,1.0,4.4,3.4,1.0,0.0,96,National survey,1983 Family Planning and Maternal/Child Health Survey
Guatemala,320,1987,15-44,23.2,19.1,10.4,0.9,3.9,0.5,1.8,1.2,0.4,,0.0,4.1,2.8,1.2,0.1,,DHS,
Guatemala,320,1995,15-49,31.4,26.9,14.3,1.5,3.8,2.5,2.6,2.2,0.0,0.0,0.0,4.5,3.6,0.9,0.1,,DHS,
Guatemala,320,1998,15-49,38.2,30.9,16.7,0.8,5.0,3.9,2.2,2.3,0.0,0.0,0.0,7.3,5.7,1.5,0.1,113,DHS,
Guatemala,320,2002,15-49,43.3,34.4,16.8,1.0,3.4,9.0,1.9,2.3,0.1,0.1,0.0,8.8,6.3,2.3,0.2,,RHS,
Guinea,324,1992,15-49,1.7,1.0,,,0.5,,,0.1,,,0.4,0.7,0.6,,0.1,,DHS,
Guinea,324,1999,15-49,6.2,4.2,,,2.1,1.0,0.2,0.6,,,0.3,2.0,1.6,0.2,0.2,,DHS,
Guinea,324,2005,15-49,9.1,4.0,0.2,0.0,1.6,1.0,0.1,1.1,0.0,0.0,0.0,5.1,1.0,0.0,4.1,115,DHS,
Guinea-Bissau,624,2000,15-49,7.6,3.6,0.3,0.0,0.3,0.5,2.3,0.1,0.0,0.0,0.0,4.1,2.5,0.3,1.3,,MICS,
Guinea-Bissau,624,2006,15-49,10.3,6.1,0.3,0.0,1.3,0.7,2.9,0.7,0.0,0.1,0.1,4.2,0.3,0.0,3.9,,MICS,
Guyana,328,1975,15-49,29.5,23.4,8.5,0.0,9.0,0.0,5.6,0.0,0.3,,0.0,7.4,2.9,1.0,3.5,,WFS,
Guyana,328,1991,15-44,38.2,36.9,6.3,0.0,12.8,1.9,8.8,5.4,1.7,,0.0,1.3,,,,27,CPS,
Guyana,328,2000,15-49,37.3,36.0,4.5,0.1,11.2,3.7,6.3,8.8,0.4,1.0,0.1,1.3,0.5,0.4,0.5,,MICS,
Guyana,328,2005,15-49,34.6,33.5,3.0,0.0,12.2,3.8,7.6,6.1,0.7,0.1,0.0,1.1,0.7,0.1,0.2,118,DHS,
Guyana,328,2006,15-49,34.2,32.7,1.7,0.0,12.8,3.6,5.5,5.8,0.5,2.7,0.1,1.5,0.3,0.2,0.9,,MICS,
Guyana,328,2009,15-49,42.5,39.8,5.3,0.0,9.2,4.8,7.3,12.9,0.0,0.2,0.0,2.7,0.7,1.4,0.6,,DHS,
Haiti,332,1977,15-50,18.9,5.4,0.2,0.2,3.3,,0.5,1.1,0.1,,0.0,13.5,4.2,4.7,4.6,106,WFS,
Haiti,332,1982,15-49,6.9,3.9,0.7,0.1,2.2,0.2,0.2,0.5,0.0,,0.0,3.0,1.4,1.6,0.0,,CPS,
Haiti,332,1987,15-49,6.7,5.0,1.3,0.0,2.3,0.8,0.4,0.2,0.0,,0.0,1.9,1.0,0.3,0.6,30,National survey,
Haiti,332,1989,15-49,10.2,9.4,2.5,0.0,4.1,1.6,0.6,0.5,0.1,,0.0,0.8,0.4,0.4,0.0,,CPS,
Haiti,332,1994,15-49,18.0,13.2,3.1,,3.1,2.7,,2.6,,1.2,0.4,4.8,2.0,2.4,0.4,,DHS,
Haiti,332,2000,15-49,28.1,22.3,2.8,,2.3,11.8,,2.9,,2.0,0.5,5.8,2.1,3.1,0.7,,DHS,
Haiti,332,2005,15-49,32.0,23.6,2.1,,3.3,11.0,,5.3,,1.6,0.2,8.4,2.4,4.2,1.8,,DHS,
Honduras,340,1981,15-49,26.9,23.6,8.0,0.2,11.7,0.3,2.4,0.3,0.7,,0.0,3.3,1.6,1.6,0.1,,CPS,
Honduras,340,1984,15-44,34.9,30.4,12.1,0.2,12.7,0.3,3.8,0.9,0.4,,0.0,4.6,2.9,1.7,0.0,104,National survey,Encuesta Nacional de Salud Materno Infantil 1984
Honduras,340,1987,15-44,40.6,32.9,12.6,0.2,13.4,0.3,4.3,1.8,0.3,,0.0,7.6,3.5,3.9,0.2,,RHS,
Honduras,340,1991,15-44,46.7,34.7,15.6,0.2,10.1,0.5,5.1,2.9,0.3,,0.0,12.0,6.7,5.0,0.3,,RHS,
Honduras,340,1996,15-44,50.0,41.0,18.1,0.1,9.9,1.1,8.5,3.2,0.1,0.0,0.0,9.0,3.7,5.3,0.0,,RHS,
Honduras,340,2001,15-44,61.8,51.0,18.0,0.2,10.4,9.6,9.6,3.2,0.0,,0.0,10.8,4.4,6.4,0.0,,RHS,
Honduras,340,2005,15-49,65.2,56.1,21.2,0.3,11.3,13.8,6.6,2.9,0.0,0.0,0.0,9.1,3.1,5.8,0.2,115,DHS,
Hungary,348,1958,<35,58.0,18.0,0.0,0.0,,,0.0,12.0,6.0,,0.0,40.0,4.0,30.0,6.0,104,National survey,1958 Fertility and Family Planning Study
Hungary,348,1965,15-39,66.6,18.5,,,0.1,,0.1,11.6,6.4,,0.3,48.1,2.4,42.0,3.7,104,National survey,1966 Fertility and Family Planning Study
Hungary,348,1969,<35,67.0,31.0,,,17.0,,1.0,9.0,3.0,,1.0,35.0,4.0,28.0,3.0,,National survey,Longitudinal Marriage Survey 1969
Hungary,348,1972,<35,73.0,40.0,,,26.0,,4.0,7.0,2.0,,1.0,33.0,4.0,26.0,3.0,,National survey,Longitudinal Marriage Survey 1972
Hungary,348,1974,<35,74.0,44.0,,,27.0,,6.0,7.0,3.0,,1.0,30.0,3.0,26.0,1.0,,National survey,1974 Fertility and Family Planning Study
Hungary,348,1975,<35,76.0,52.0,,,36.0,,8.0,6.0,2.0,,0.0,24.0,4.0,19.0,1.0,,National survey,Longitudinal Marriage Survey 1975
Hungary,348,1977,15-39,73.1,52.2,,,36.1,,9.6,4.3,1.8,,0.4,20.9,3.1,17.1,0.7,104,National survey,
Hungary,348,1986,15-39,73.1,62.3,0.0,0.0,39.3,,18.6,3.5,0.9,,0.0,10.7,2.1,8.3,0.3,,National survey,1986 Fertility Survey
Hungary,348,1992,18-41,80.6,71.3,5.0,,39.4,,18.2,8.1,0.6,,0.0,9.3,2.6,6.5,0.2,27,FFS,
India,356,1970,15-44,13.6,9.5,2.6,3.5,0.3,,0.7,2.5,,,0.0,4.1,,,,,National survey,First All India Survey
India,356,1980,15+,35.3,28.1,,,1.0,,0.5,4.2,,,22.4,7.3,,,,,National survey,Second All India Survey
India,356,1988,15-44,44.9,39.9,,,1.4,,1.9,5.3,,,31.3,5.0,,,,,National survey,Third All India Survey
India,356,1992,15-49,40.7,36.5,27.4,3.5,1.2,0.0,1.9,2.4,,,0.0,4.3,2.6,1.4,0.2,,DHS,
India,356,1998,15-49,48.2,42.8,34.2,1.9,2.1,,1.6,3.1,,,0.0,5.4,3.0,2.0,0.4,,DHS,
India,356,2000,15-49,46.9,42.3,,,,,,,,,34.2,4.6,,,,62,MICS,
India,356,2002,15-44,53.0,45.7,34.3,0.9,3.5,,1.9,4.8,,,0.3,7.3,4.1,2.7,0.5,27,National survey,District Level Household Survey on Reproductive and Child Health 2002-2004
India,356,2005,15-49,56.3,48.5,37.3,1.0,3.1,0.1,1.7,5.2,0.0,0.0,0.0,7.8,4.9,2.5,0.3,,DHS,
Indonesia,360,1973,15-49,8.6,7.2,0.0,0.0,3.3,,3.4,0.5,,,0.0,1.4,,,,,National survey,1973 Fertility-Mortality Survey
Indonesia,360,1976,15-49,26.3,22.9,0.3,0.0,14.9,0.2,5.6,1.8,0.1,,0.0,3.4,0.8,0.3,2.3,,WFS,
Indonesia,360,1979,10-49,31.2,24.6,0.4,0.1,16.7,,6.4,1.0,,,0.0,6.8,0.5,0.1,6.2,,National survey,National Socio-economic Survey 1979
Indonesia,360,1985,10-49,38.5,36.9,1.2,0.4,15.4,7.4,11.9,0.6,,,0.0,1.6,,,,,National survey,1985 Intercensal Population Survey
Indonesia,360,1987,15-49,47.7,44.0,3.1,0.2,16.1,9.4,13.2,1.6,0.0,0.4,0.0,3.7,1.2,1.3,1.2,113,DHS,
Indonesia,360,1991,15-49,49.7,47.1,2.7,0.6,14.8,11.7,13.3,0.8,0.0,3.1,0.0,2.6,1.1,0.7,0.9,113,DHS,
Indonesia,360,1993,15-49,53.1,51.2,,,14.6,17.2,12.6,1.2,,1.3,4.4,2.0,,,,,National survey,National Socio-economic Survey 1993
Indonesia,360,1994,15-49,54.2,52.4,,,15.4,17.9,12.8,1.0,,1.4,3.9,1.8,,,,,National survey,National Socio-economic Survey 1994
Indonesia,360,1994,15-49,54.7,52.1,3.1,0.7,17.1,15.2,10.3,0.9,0.0,4.9,0.0,2.7,1.1,0.8,0.8,,DHS,
Indonesia,360,1995,15-49,54.2,52.5,,,15.8,19.0,11.4,0.8,,1.4,4.2,1.7,,,,,National survey,National Socio-economic Survey 1995
Indonesia,360,1996,15-49,54.2,52.6,,,14.6,20.3,10.7,0.9,,2.2,3.9,1.6,,,,,National survey,National Socio-economic Survey 1996
Indonesia,360,1997,15-49,57.4,54.7,3.0,0.4,15.4,21.1,8.1,0.7,0.0,6.0,0.0,2.7,1.1,0.8,0.8,,DHS,
Indonesia,360,1998,15-49,55.4,54.2,,,15.1,22.8,9.6,0.7,,2.6,3.3,1.3,,,,,National survey,National Socio-economic Survey 1998
Indonesia,360,1999,15-49,55.4,54.3,,,16.1,22.1,9.5,0.6,,2.2,3.9,1.1,,,,,National survey,National Socio-economic Survey 1999
Indonesia,360,2000,15-49,54.8,53.8,,,14.7,23.3,9.0,0.4,,2.4,4.0,1.0,,,,,National survey,National Socio-economic Survey 2000
Indonesia,360,2001,15-49,52.5,51.8,,,13.7,24.9,5.9,0.2,,4.7,2.4,0.8,,,,,National survey,National Socio-economic Survey 2001
Indonesia,360,2002,15-49,60.3,56.6,3.7,0.4,13.2,27.8,6.2,0.9,0.0,4.3,0.0,3.7,1.6,1.5,0.6,118,DHS,
Indonesia,360,2005,15-49,57.9,57.5,2.0,0.6,13.5,33.1,5.2,0.3,0.1,2.7,0.0,0.6,,,,30,National survey,National Socio-economic Survey 2005
Indonesia,360,2005,15-49,57.2,57.1,2.2,0.2,14.2,32.2,5.3,0.4,0.1,1.7,0.0,0.1,,,,30,National survey,Indonesia 2005 Intercensal Population Survey
Indonesia,360,2007,15-49,61.4,57.4,3.0,0.2,13.2,31.8,4.9,1.3,0.0,2.8,0.0,4.0,1.5,2.1,0.4,,DHS,
Iran (Islamic Republic of),364,1976,15-49,36.0,25.9,,,17.3,,1.4,4.0,,,3.2,10.1,,,,,National survey,1977 Iran Fertility Survey
Iran (Islamic Republic of),364,1989,15-49,48.9,30.5,,,18.1,,3.7,5.7,,,3.0,18.4,,,,77,National survey,
Iran (Islamic Republic of),364,1992,15-49,64.6,44.6,7.6,0.9,22.6,,7.1,6.4,,,0.0,20.0,,,,,National survey,
Iran (Islamic Republic of),364,1993,15-49,67.8,49.2,9.2,1.0,24.5,,7.2,6.7,0.0,,0.6,18.6,,,,,National survey,
Iran (Islamic Republic of),364,1994,15-49,70.0,51.1,11.1,1.2,22.0,0.5,7.8,6.6,,,1.9,18.9,,,,,National survey,
Iran (Islamic Republic of),364,1995,15-49,72.8,53.6,13.7,1.3,22.8,1.3,7.1,5.7,,0.0,1.7,19.2,,,,,National survey,
Iran (Islamic Republic of),364,1996,15-49,73.7,56.1,15.0,1.6,21.9,2.5,8.3,5.6,,0.0,0.8,18.0,,,,
Iran (Islamic Republic of),364,1997,15-49,72.9,56.0,15.5,1.9,20.9,2.9,8.3,5.4,,0.5,0.6,16.9,,,,,National survey,
Iran (Islamic Republic of),364,2000,15-49,73.8,56.0,17.1,2.7,18.4,2.8,8.5,5.9,0.0,0.5,0.1,17.8,,,,,National survey,Demographic and Health Survey of Iran 2000
Iran (Islamic Republic of),364,2002,15-49,73.3,58.9,15.2,2.3,25.1,2.3,7.6,6.0,,0.4,0.0,14.3,1.7,11.4,1.2,7,National survey,2002 Socio-economic Survey of Iranian Households
Iraq,368,1974,15-49,14.5,12.9,0.6,0.0,8.7,0.6,0.6,1.4,1.0,,0.0,1.7,0.8,0.5,0.4,,National survey,Fertility Survey of Iraq
Iraq,368,1989,15-49,13.7,10.4,1.4,0.0,4.7,0.5,2.8,1.0,0.0,,0.0,3.4,2.1,1.1,0.2,20,GCHS,
Iraq,368,2000,15-49,43.5,25.4,3.4,0.1,9.2,1.3,10.7,0.7,0.0,0.0,0.0,18.1,1.9,7.2,9.1,115,MICS,
Iraq,368,2006,15-49,49.8,32.9,2.6,,14.6,2.0,12.2,1.1,,,0.3,17.0,2.1,7.5,7.4,,MICS,
Ireland,372,1998,18-50,77.0,67.6,,,33.2,,1.9,31.2,0.7,,0.6,9.4,3.2,2.6,3.6,
Ireland,372,2002,18-50,75.0,66.0,,,31.4,,4.5,28.1,0.5,,1.5,8.9,2.7,1.7,4.5,
Ireland,372,2004,18-49,64.8,61.4,,,17.2,,8.4,23.3,0.1,,12.4,5.4,3.3,2.1,0.0,,National survey,Irish Study of Sexual Health and Relationships
Israel,376,1987,18-39,68.0,51.9,,,13.0,,30.0,4.0,4.0,,0.9,16.0,4.0,11.0,1.0,,National survey,Study of Fertility and Family Formation Survey
Italy,380,1979,18-44,78.0,32.7,0.8,,14.0,,2.3,13.3,2.3,,0.0,45.3,8.6,35.9,0.8,,National survey,Fertility Survey in Italy 1979
Italy,380,1995,20-49,62.7,40.6,6.0,0.1,14.2,0.1,5.8,14.2,0.2,,0.0,22.1,3.7,18.2,0.2,,FFS,
Jamaica,388,1975,15-49,38.3,36.2,8.1,0.0,11.9,6.2,2.0,6.6,1.5,0.0,0.0,2.1,0.3,1.4,0.4,106,WFS,
Jamaica,388,1979,15-44,54.9,54.2,9.8,0.0,23.8,11.4,2.0,6.5,0.7,,0.0,0.7,0.2,0.5,0.0,,National survey,Survey of Contraceptive Use in Jamaica 1979
Jamaica,388,1983,15-49,51.4,48.4,10.9,0.0,19.3,7.6,,7.6,,,3.0,3.0,1.1,1.9,0.0,101,CPS,
Jamaica,388,1989,15-49,54.6,50.9,13.6,0.0,19.5,7.6,,8.6,,,1.6,3.7,1.0,2.4,0.3,101,CPS,
Jamaica,388,1993,15-44,62.0,58.3,12.5,0.0,21.5,6.2,,16.9,,0.1,1.1,3.7,0.7,2.9,0.1,101,RHS,
Jamaica,388,1997,15-49,65.9,62.6,12.3,0.0,21.2,10.9,,17.0,,0.1,1.1,3.3,0.3,2.8,0.2,101,RHS,
Jamaica,388,2002,15-49,69.0,66.2,12.0,0.0,18.0,11.0,1.0,24.0,0.0,0.0,0.2,2.8,0.0,2.0,0.8,92,RHS,
Japan,392,1950,15-49,19.5,14.2,,,,,,6.9,7.3,,0.0,10.3,5.3,2.5,2.5,,National survey,1st Public Opinion Survey on Birth Control
Japan,392,1952,15-49,26.6,23.5,,,,,,14.8,8.7,,0.0,14.3,10.4,2.9,1.0,,National survey,2nd Public Opinion Survey on Birth Control
Japan,392,1955,15-49,34.1,30.2,,,,,,19.4,9.6,,1.2,19.9,15.0,2.8,2.1,,National survey,3rd Public Opinion Survey on Birth Control
Japan,392,1957,15-49,39.0,36.1,2.4,0.4,,,,22.0,11.3,,0.0,22.6,18.2,2.6,1.8,,National survey,4th Public Opinion Survey on Birth Control
Japan,392,1959,15-49,42.7,40.2,2.3,0.4,,,,24.9,12.6,,0.0,26.2,19.9,4.9,1.4,,National survey,5th Public Opinion Survey on Birth Control
Japan,392,1961,15-49,42.0,39.2,,,,,,25.4,10.4,,3.4,24.0,17.9,4.8,1.3,,National survey,6th Public Opinion Survey on Birth Control
Japan,392,1963,15-49,44.6,43.8,,,,,2.0,29.4,9.7,,2.7,21.3,16.9,3.5,0.9,,National survey,7th Public Opinion Survey on Birth Control
Japan,392,1965,15-49,55.5,54.1,,,,,2.4,36.4,12.1,,3.2,27.5,21.5,5.3,0.7,,National survey,8th Public Opinion Survey on Birth Control
Japan,392,1967,15-49,53.0,49.1,,,,,3.2,34.6,9.4,,1.9,26.5,19.8,3.9,2.8,,National survey,9th Public Opinion Survey on Birth Control
Japan,392,1969,15-49,52.1,52.1,,,0.9,,3.8,35.5,9.8,,2.8,23.2,17.7,3.6,1.9,,National survey,10th Public Opinion Survey on Birth Control
Japan,392,1971,15-49,52.6,52.6,,,0.8,,4.3,38.2,7.5,,2.1,22.3,17.3,3.1,1.9,,National survey,11th National Survey on Family Planning
Japan,392,1973,15-49,59.3,59.3,,,1.4,,5.3,44.5,7.0,,2.1,23.0,17.6,3.7,2.5,,National survey,12th National Survey on Family Planning
Japan,392,1975,15-49,60.5,60.5,,,1.8,,5.2,47.1,5.7,,2.8,25.2,18.1,4.1,3.0,,National survey,13th National Survey on Family Planning
Japan,392,1977,15-49,60.4,60.4,2.4,0.8,2.0,,5.5,47.7,4.8,,0.0,21.4,16.3,3.1,2.0,,National survey,14th National Survey on Family Planning
Japan,392,1979,15-49,62.2,62.2,1.8,0.7,2.0,,5.2,50.4,3.3,,0.0,19.3,14.4,3.2,1.7,,National survey,15th National Survey on Family Planning
Japan,392,1984,15-49,57.3,57.3,,,1.3,,3.6,46.1,0.6,,6.0,16.4,11.6,2.4,2.4,,National survey,17th National Survey on Family Planning
Japan,392,1986,15-49,62.8,62.7,3.8,1.0,1.2,,4.2,51.0,1.5,,0.0,19.5,13.5,3.4,2.6,,National survey,18th National Survey on Family Planning
Japan,392,1987,20-49,64.5,56.6,3.5,1.0,0.9,,3.0,48.1,,,0.0,20.1,9.0,10.1,0.9,31,National survey,9th National Fertility Survey
Japan,392,1988,15-49,56.3,51.7,3.3,0.9,1.0,,3.0,43.2,0.3,,0.0,13.8,9.2,2.8,1.8,,National survey,19th National Survey on Family Planning
Japan,392,1990,15-49,57.9,52.5,4.3,1.4,0.6,0.0,2.7,42.8,0.8,0.0,0.0,13.3,8.8,3.8,0.7,,National survey,20th National Survey on Family Planning
Japan,392,1992,15-49,64.0,57.0,3.2,0.8,0.8,0.0,3.1,48.2,0.9,0.0,0.0,16.1,10.6,4.9,0.6,,National survey,21th National Survey on Family Planning
Japan,392,1994,15-49,58.6,52.8,3.4,0.7,0.4,,2.2,45.5,0.6,,0.0,12.6,8.2,4.2,0.3,,National survey,22th National Survey on Family Planning
Japan,392,1996,15-49,56.6,50.6,3.0,0.7,0.7,,2.2,43.7,0.3,,0.0,15.3,9.6,5.4,0.3,,National survey,23rd National Survey on Family Planning
Japan,392,1997,20-49,60.4,50.7,2.3,0.7,0.5,,1.6,45.6,,,0.0,18.7,5.2,12.1,1.3,31,National survey,11th National Fertility Survey
Japan,392,1998,15-49,54.1,48.0,2.5,0.6,0.6,0.0,1.7,42.1,0.4,0.0,0.0,13.5,8.9,4.0,0.6,,National survey,24th National Survey on Family Planning
Japan,392,2000,15-49,55.9,48.3,3.0,0.6,0.8,,1.5,42.1,0.3,,0.0,24.2,9.1,14.9,0.2,,National survey,25th National Survey on Family Planning
Japan,392,2004,15-49,52.0,44.4,,,,,,41.0,0.3,,3.1,18.5,4.2,,14.3,
Japan,392,2005,20-49,54.3,44.4,1.5,0.4,1.0,,0.9,40.7,,,0.0,16.8,3.4,11.8,1.6,31,National survey,13th National Fertility Survey
Jordan,400,1972,15-49,26.1,17.6,0.0,0.0,14.1,0.0,1.0,1.1,0.4,0.0,1.0,8.5,2.2,3.2,3.1,60,National survey,National Fertility Survey in Jordan 1972
Jordan,400,1976,15-49,25.2,17.4,1.8,0.1,11.9,,2.0,1.4,0.2,,0.0,7.8,2.1,3.3,2.4,,WFS,
Jordan,400,1990,15-49,40.0,26.9,5.6,0.0,4.6,0.0,15.3,0.8,0.6,,0.0,13.1,3.9,4.0,5.2,109,DHS,
Jordan,400,1997,15-49,52.6,37.7,4.2,0.0,6.5,0.7,23.1,2.4,0.5,0.1,0.2,14.9,4.9,7.6,2.4,,DHS,
Jordan,400,2002,15-49,55.8,38.6,2.9,,7.5,0.9,23.6,3.4,,,0.3,17.2,5.2,9.3,2.7,,DHS,
Jordan,400,2007,15-49,57.1,40.5,3.7,,8.4,0.7,22.3,5.3,,,0.1,16.6,4.1,10.8,1.7,,DHS,
Jordan,400,2009,15-49,59.3,40.5,2.6,0.0,8.2,0.7,22.6,6.3,0.0,0.1,0.1,18.8,4.0,12.8,2.0,,DHS,
Kazakhstan,398,1995,15-49,59.1,46.1,0.0,,1.8,,39.6,3.7,,,1.0,13.0,6.5,3.2,3.3,,DHS,
Kazakhstan,398,1999,15-49,66.1,52.7,2.8,0.0,2.4,0.6,42.0,4.5,0.4,0.0,0.0,13.4,4.6,2.9,5.9,117,DHS,
Kazakhstan,398,2006,15-49,50.7,48.7,0.5,0.0,6.7,0.3,36.2,4.8,0.1,0.0,0.1,2.0,0.5,0.4,1.1,,MICS,
Kenya,404,1977,15-50,7.0,4.4,1.0,0.0,2.0,0.6,0.7,0.1,0.0,,0.0,2.5,1.1,0.2,1.2,105,WFS,
Kenya,404,1984,15-49,17.0,9.7,2.6,0.0,3.1,0.5,3.0,0.3,0.1,,0.0,7.3,3.8,0.6,2.9,105,CPS,
Kenya,404,1988,15-49,26.9,17.9,4.7,0.0,5.2,3.3,3.7,0.5,0.4,0.0,0.0,9.0,7.5,0.2,1.3,,DHS,
Kenya,404,1993,15-49,32.7,27.3,5.5,0.0,9.5,7.2,4.2,0.8,0.1,0.0,0.0,5.5,4.2,0.4,0.8,,DHS,
Kenya,404,1998,15-49,39.0,31.5,6.2,0.0,8.5,11.8,2.7,1.3,0.0,0.8,0.0,7.5,6.1,0.6,0.8,30,DHS,
Kenya,404,2003,15-49,39.3,31.5,4.3,0.0,7.5,14.3,2.4,1.2,0.0,1.7,0.0,7.8,6.3,0.6,0.8,30,DHS,
Kenya,404,2008,15-49,45.5,38.9,4.8,0.0,7.2,21.6,1.6,1.8,0.0,1.9,0.0,6.6,4.7,0.7,1.2,118,DHS,
Kiribati,296,2000,15-49,36.1,31.1,1.4,1.0,6.5,14.4,0.9,0.4,0.1,6.3,0.0,5.0,2.9,1.0,1.1,1,National survey,Reproductive Health Knowledge and Services in Kiribati
Kuwait,414,1984,15-49,39.0,37.3,1.6,,30.8,,4.9,,,,0.0,1.7,,,,,National survey,Kuwait Health Survey 1984-1985
Kuwait,414,1987,15-49,34.6,31.7,2.0,,24.0,,3.7,1.5,0.5,,0.0,2.9,1.6,0.6,0.7,20,GCHS,
Kuwait,414,1994,<50,49.8,47.4,0.5,,37.4,,8.0,1.5,,,0.0,2.5,,,2.5,,National survey,Desired Fertility and Contraceptive Use in Kuwait 1994
Kuwait,414,1996,15-49,50.2,40.9,2.1,,28.8,,6.8,2.9,,,0.3,9.3,4.3,3.4,1.6,,GFHS,
Kuwait,414,1999,15-49,52.0,39.3,4.1,,23.4,,8.8,2.9,0.1,,0.0,12.9,4.1,5.7,3.1,,National survey,Desired Fertility and Contraceptive Use in Kuwait 1998
Kyrgyzstan,417,1997,15-49,59.5,48.9,1.8,,1.7,1.3,38.2,5.7,,,0.1,10.7,3.2,6.0,1.5,104,DHS,
Kyrgyzstan,417,2005,15-49,47.8,45.5,0.9,0.0,5.1,1.2,32.0,5.8,0.3,0.0,0.1,2.3,0.7,0.5,1.1,,MICS,
Lao People's Democratic Republic,418,1993,15-49,18.6,15.1,5.1,0.0,6.4,2.1,1.2,0.1,0.0,0.1,0.0,3.5,2.9,0.4,0.2,113,National survey,Seven Provincial Surveys on Fertility and Contraceptive Practice
Lao People's Democratic Republic,418,1994,15-49,20.0,,,,,,,,,,,,,,,,National survey,Lao Reproductive Health Survey 1995
Lao People's Democratic Republic,418,2000,15-49,32.2,28.9,4.7,0.0,12.9,7.6,3.0,0.5,0.0,0.1,0.0,3.2,2.2,0.7,0.3,,National survey,Lao Reproductive Health Survey 2000
Lao People's Democratic Republic,418,2005,15-49,38.0,,,,,,,,,,,,,,,,National survey,Lao Reproductive Health Survey 2005
Latvia,428,1995,18-49,67.8,55.5,,2.1,11.3,0.1,28.0,13.6,0.4,,0.0,12.3,7.1,4.5,0.7,27,FFS,
Lebanon,422,1971,15-49,53.0,23.0,1.0,0.0,14.0,0.0,1.0,7.0,0.0,0.0,0.0,30.0,7.0,23.0,0.0,31,National survey,1971 National Fertility and Family Planning Survey of Lebanon
Lebanon,422,1983,15-49,61.7,46.7,5.2,0.1,24.2,0.1,10.3,4.2,2.6,,0.0,15.1,3.3,11.8,0.0,49,CPS,
Lebanon,422,1983,15-49,68.8,30.7,5.8,0.0,11.6,0.0,9.4,2.1,1.8,,0.0,37.9,14.8,22.7,0.4,,CPS,
Lebanon,422,1996,15-49,61.1,37.2,4.2,0.0,10.0,0.1,17.0,5.6,0.2,,0.0,23.8,10.0,11.8,2.0,,PAPCHILD,
Lebanon,422,2000,15-49,62.7,40.4,,,,,,,,,,22.2,,,,29,MICS,
Lebanon,422,2004,15-49,58.0,34.0,,,,,,,,,,24.0,,,,,PAPFAM,
Lesotho,426,1977,15-49,7.2,3.4,1.1,0.0,1.6,0.3,0.2,0.2,0.0,0.0,0.0,3.8,0.1,3.4,0.3,,WFS,
Lesotho,426,1991,15-49,23.2,18.9,1.4,0.0,7.2,6.3,2.8,1.2,0.0,0.0,0.0,4.3,1.2,2.8,0.3,1,National survey,Lesotho Demographic and Health Survey
Lesotho,426,1995,15-49,29.1,26.8,,,8.1,11.9,3.0,2.8,0.3,0.0,0.7,2.3,,,0.8,,National survey,1995 Lesotho Safe Motherhood Initiative Women's Health Survey
Lesotho,426,2000,15-49,30.4,29.4,1.3,0.1,9.4,13.9,2.6,1.8,0.2,0.1,0.0,1.0,0.0,0.4,0.5,,MICS,
Lesotho,426,2001,12-49,40.6,36.1,0.3,0.0,11.5,14.7,2.9,6.5,0.1,0.1,0.0,4.5,4.0,0.4,0.1,,National survey,Lesotho Demographic Survey 2001
Lesotho,426,2002,12-49,38.0,33.9,1.0,0.0,10.9,12.0,4.3,10.2,0.3,0.1,0.4,6.7,1.6,3.6,2.2,,National survey,Lesotho Reproductive Health Survey 2002
Lesotho,426,2004,15-49,37.3,35.2,2.7,0.0,10.9,14.7,2.1,4.8,0.0,0.0,0.0,2.1,0.0,0.9,1.2,,DHS,
Lesotho,426,2009,15-49,47.0,45.6,2.4,0.0,12.5,19.3,1.9,9.4,0.0,0.1,0.1,1.4,0.1,0.7,0.6,29,DHS,
Liberia,430,1986,15-49,6.4,5.5,1.1,0.0,3.3,0.3,0.6,0.0,0.2,,0.0,0.9,0.6,0.1,0.2,,DHS,
Liberia,430,2007,15-49,11.4,10.3,0.6,0.0,3.8,4.1,0.2,1.6,,0.0,0.0,1.2,1.0,0.2,0.0,,DHS,
Libyan Arab Jamahiriya,434,1995,15-49,45.2,25.7,,,9.6,,11.2,,,,4.9,19.6,,,,,PAPCHILD,
Lithuania,440,1994,18-49,50.7,33.2,,,3.6,0.2,15.2,14.2,0.0,,0.0,17.5,10.1,6.5,0.9,27,FFS,
Madagascar,450,1992,15-49,16.7,5.1,0.9,0.0,1.4,1.6,0.5,0.5,0.1,,0.0,11.6,9.0,2.1,0.5,,DHS,
Madagascar,450,1997,15-49,19.4,9.7,1.0,0.0,2.4,4.7,0.5,0.7,0.1,0.4,0.0,9.7,7.9,1.6,0.2,113,DHS,
Madagascar,450,1999,15-49,25.0,12.9,,,,,,,,,,12.1,,,,,National survey,Enqute Prioritaire auprs des MŽnages 1999
Madagascar,450,2000,15-49,18.8,11.8,0.6,0.0,3.3,6.7,0.3,0.4,0.0,0.4,0.0,7.0,6.0,0.3,0.7,115,MICS,
Madagascar,450,2003,15-49,27.1,16.7,1.1,0.0,3.4,10.2,0.6,1.0,0.0,0.3,0.0,10.4,8.2,0.5,1.7,118,DHS,
Madagascar,450,2008,15-49,39.9,28.2,1.1,0.1,6.0,17.9,0.4,1.1,0.0,1.5,0.0,11.7,9.7,0.8,1.2,118,DHS,
Malawi,454,1984,15-49,6.9,3.2,,,0.7,0.1,0.3,0.0,,0.0,2.1,3.7,0.0,0.2,3.5,,National survey,Malawi Family Formation Survey 1984
Malawi,454,1992,15-49,13.0,7.4,1.7,0.0,2.2,1.5,0.3,1.6,0.1,,0.0,5.6,2.2,1.5,2.0,,DHS,
Malawi,454,1996,15-49,21.9,14.4,2.5,0.0,3.4,6.4,0.4,1.6,0.0,0.0,0.0,7.5,2.0,1.9,3.6,,DHS,
Malawi,454,2000,15-49,30.6,25.7,4.7,0.1,2.7,16.4,0.1,1.6,0.0,0.1,0.0,4.9,0.9,1.5,2.5,118,DHS,
Malawi,454,2004,15-49,32.5,28.1,5.8,0.0,2.0,18.0,0.1,1.8,,0.5,0.0,4.3,0.5,2.1,1.7,,DHS,
Malawi,454,2006,15-49,41.0,38.4,4.4,0.1,2.4,29.0,0.3,1.5,0.1,0.7,0.0,2.6,0.7,0.8,1.0,115,MICS,
Malaysia,458,1966,15-44,8.7,6.2,,,4.0,0.0,0.2,0.8,0.2,,1.0,2.5,,,,,National survey,West Malaysian Family Survey 1966-1967
Malaysia,458,1974,15-49,33.0,23.7,3.4,0.4,16.2,0.2,0.7,2.7,0.1,,0.0,9.3,3.5,1.9,3.9,,WFS,
Malaysia,458,1984,15-49,51.4,29.8,7.5,0.2,11.6,0.5,2.2,7.6,0.2,,0.0,21.7,6.9,3.9,10.9,,National survey,Malaysian Population and Family Survey
Malaysia,458,1988,15-49,48.3,31.4,,,4.6,,3.5,5.6,,,17.7,17.0,7.0,4.2,5.8,,National survey,Malaysian Family Life Survey II
Malaysia,458,1994,15-49,54.5,29.8,,,13.4,,3.9,5.3,,,7.2,24.6,8.8,6.9,8.9,,National survey,Malaysian Population and Family Survey
Maldives,462,1991,15-49,29.0,19.0,4.0,0.0,10.0,2.0,1.0,2.0,0.0,0.0,0.0,10.0,,,,,National survey,KAP Survey on Child Spacing Methods in Maldives 1991
Maldives,462,1999,15-49,42.0,33.0,10.0,1.0,13.0,3.0,1.0,6.0,0.0,0.0,0.0,9.0,,,,,National survey,Republic of Maldives Reproductive Health Baseline Survey 1999
Maldives,462,2004,15-49,39.0,34.0,7.0,1.0,13.0,3.0,2.0,9.0,0.0,0.0,0.0,5.0,,,,,National survey,Republic of Maldives Reproductive Health Survey 2004
Maldives,462,2009,15-49,34.7,27.0,10.1,0.5,4.6,1.2,0.8,9.3,0.0,0.5,0.0,7.8,3.4,4.2,0.1,,DHS,
Mali,466,1987,15-49,4.7,1.3,0.1,0.0,0.9,0.1,0.1,0.0,0.1,,0.0,3.4,1.3,0.1,2.0,107,DHS,
Mali,466,1995,15-49,6.7,4.5,0.3,,3.1,0.2,0.3,0.4,,,0.2,2.2,1.6,0.1,0.5,,DHS,
Mali,466,2001,15-49,8.1,5.7,0.3,0.0,2.8,2.1,0.2,0.3,0.0,0.1,0.0,2.3,0.6,0.0,1.7,118,DHS,
Mali,466,2006,15-49,8.2,6.3,0.3,0.0,2.9,2.5,0.1,0.4,0.0,0.1,0.0,1.9,0.8,0.0,1.1,118,DHS,
Malta,470,1971,20-45,87.0,16.0,1.0,1.0,2.0,,0.0,12.0,0.0,,0.0,,40.0,70.0,1.0,,National survey,1971 Survey of Family Planning in Malta
Malta,470,1993,20-45,85.8,46.0,2.2,2.2,15.8,,2.9,21.9,1.0,,0.0,,19.4,40.6,8.1,,National survey,1993 Survey of Family Planning in Malta
Marshall Islands,584,1970,15-49,22.7,18.1,,,16.3,,0.0,0.0,,,1.8,4.6,2.3,,2.3,
Marshall Islands,584,1985,15-49,27.2,19.4,12.8,1.4,2.7,0.1,0.7,1.5,0.2,,0.0,7.8,4.0,0.6,3.2,1,National survey,Women's Health Survey 1985
Marshall Islands,584,2007,15-49,44.6,42.4,25.0,0.2,2.7,9.2,,1.4,,3.8,0.0,2.2,1.4,0.6,0.2,113,National survey,Marshall Islands Demographic and Health Survey 2007
Martinique,474,1976,15-49,35.5,27.3,8.8,,11.8,,1.9,3.0,1.1,,0.7,8.2,3.1,4.1,1.0,,National survey,Enqute sur la FŽconditŽ et la Contraception en Martinique 1976
Mauritania,478,1981,15-49,0.8,0.3,0.2,0.0,0.0,0.0,0.0,0.0,0.1,,0.0,0.5,0.1,0.4,0.0,,WFS,
Mauritania,478,1991,15-49,4.1,1.2,0.1,0.0,0.5,0.1,0.3,0.1,0.1,,0.0,3.9,0.4,1.7,1.8,,PAPCHILD,
Mauritania,478,2000,15-49,8.0,5.1,,,2.6,0.9,0.8,0.8,,,0.1,2.8,0.3,2.2,0.3,,DHS,
Mauritania,478,2007,15-49,9.3,8.0,0.1,0.0,5.7,1.0,0.3,0.4,0.1,0.0,0.4,1.3,0.2,1.0,0.1,,MICS,
Mauritius,480,1975,<50,45.7,29.2,,,21.0,1.6,1.5,5.1,,,0.0,16.4,13.9,1.5,1.0,,National survey,National Survey on Contraceptive Use
Mauritius,480,1985,15-49,74.6,44.2,4.6,0.0,21.0,6.4,2.3,9.3,0.6,,0.0,30.6,16.9,12.4,1.3,,National survey,Mauritius Contraceptive Prevalence Survey 1985
Mauritius,480,1991,15-44,74.6,49.2,7.1,0.2,21.0,4.6,2.8,13.1,0.4,0.0,0.0,25.4,9.3,15.7,0.4,27,CPS,
Mauritius,480,2002,15-49,75.8,39.3,8.9,0.1,16.0,3.7,1.4,8.9,0.2,0.1,0.0,36.5,10.1,26.4,0.0,27,National survey,2002 Contraceptive Prevalence Survey of Mauritius and Rodrigues Islands
Mexico,484,1976,15-49,30.3,23.3,2.7,0.2,10.8,1.7,5.7,0.8,1.4,,0.0,7.1,3.1,3.6,0.4,104,WFS,
Mexico,484,1978,15-49,37.8,32.0,8.9,0.2,12.5,2.5,6.1,,,,1.9,5.7,,,,,CPS,
Mexico,484,1982,15-49,47.7,41.5,13.4,0.3,14.2,5.1,6.6,0.9,1.0,,0.0,6.1,3.8,0.4,1.9,,National survey,Encuesta Nacional Demogr‡fica 1982
Mexico,484,1987,15-49,52.7,44.6,18.6,0.8,9.7,2.8,10.2,1.9,0.6,,0.0,8.1,,,,128,DHS,
Mexico,484,1992,15-49,63.1,55.2,,,9.8,,11.1,2.9,,,31.4,7.9,,,,73,National survey,Encuesta Nacional de la Din‡mica Demogr‡fica 1992
Mexico,484,1995,15-49,66.5,57.5,27.3,0.6,8.4,3.1,14.6,,,,3.4,8.9,,,,,National survey,Encuesta Nacional de Planificaci—n Familiar 1995
Mexico,484,1997,15-49,68.4,59.5,,,7.1,,14.1,3.6,,,34.7,8.9,,,,73,National survey,Encuesta Nacional de la Din‡mica Demogr‡fica 1997
Mexico,484,2003,15-49,74.5,69.3,,,6.1,,14.3,5.8,,,43.1,5.2,,,,73,National survey,Encuesta Nacional de Salud Reproductiva 2003
Mexico,484,2006,15-49,70.9,66.5,,,4.7,5.0,11.6,6.4,0.4,,38.4,4.4,,,,62,National survey,Encuesta Nacional de la Din‡mica Demogr‡fica 2006
Mongolia,496,1994,15-49,57.3,41.2,0.9,0.0,2.5,1.1,33.1,3.4,0.0,0.3,0.0,16.1,13.1,0.6,2.4,104,National survey,Mongolia Demographic Survey 1994
Mongolia,496,1998,15-49,59.9,45.7,2.4,0.0,4.2,3.1,32.2,3.5,0.1,0.2,0.0,14.3,12.5,0.7,1.1,,National survey,Mongolia Reproductive Health Survey 1998
Mongolia,496,2000,15-49,67.4,54.4,1.3,0.2,8.3,5.8,33.5,4.3,0.1,0.3,0.6,13.0,8.0,0.1,5.0,,MICS,
Mongolia,496,2003,15-49,69.0,58.4,3.0,0.0,11.0,5.8,32.8,5.4,0.0,0.3,0.1,10.6,9.9,0.6,0.0,93,National survey,Mongolia Reproductive Health Survey 2003
Mongolia,496,2005,15-49,66.0,60.6,2.4,0.1,11.5,11.1,28.9,5.3,0.2,0.8,0.3,5.4,4.7,0.1,0.7,,MICS,
Montenegro,499,1970,15-44,49.5,7.0,,,3.5,,0.4,3.1,,,0.0,42.5,3.3,39.2,0.0,,National survey,1970 Yugoslavia Fertility Survey
Montenegro,499,2000,15-49,52.7,30.0,0.0,0.0,6.8,0.0,7.6,13.6,2.0,0.0,0.0,22.7,10.6,11.4,0.7,,MICS,
Montenegro,499,2005,15-49,39.4,17.2,0.1,0.0,2.4,0.0,9.7,4.3,0.5,0.0,0.1,22.2,3.9,17.7,0.5,,MICS,
Montserrat,500,1984,15-44,52.6,52.2,,,30.6,3.2,11.0,3.4,2.4,0.0,1.6,0.3,,,,,CCPS,
Morocco,504,1979,15-49,19.4,16.4,0.8,0.0,13.7,0.0,1.6,0.3,0.0,,0.0,3.0,1.1,1.1,0.8,,WFS,
Morocco,504,1983,15-49,25.5,21.2,1.7,0.0,16.8,0.0,2.0,0.4,0.3,,0.0,4.3,1.5,1.6,1.2,106,CPS,
Morocco,504,1987,15-49,35.9,28.9,2.2,0.0,22.9,0.3,2.9,0.5,0.1,,0.0,6.9,2.3,3.1,1.5,106,DHS,
Morocco,504,1992,15-49,41.5,35.5,3.0,0.0,28.1,0.1,3.2,0.9,0.2,,0.0,6.0,3.0,2.6,0.3,,DHS,
Morocco,504,1995,15-49,50.3,42.4,4.3,0.0,32.2,0.1,4.3,1.4,0.1,0.1,0.0,7.9,4.6,2.8,0.4,,DHS,
Morocco,504,1997,15-49,58.4,48.8,3.0,,38.3,0.7,5.3,1.2,0.1,0.1,0.1,9.6,3.2,3.0,3.4,,PAPCHILD,
Morocco,504,2003,15-49,63.0,52.0,2.7,0.0,40.1,2.1,5.4,1.5,0.1,0.0,0.0,11.0,3.8,4.4,2.9,118,DHS,
Mozambique,508,1997,15-49,5.6,5.1,0.7,0.0,1.4,2.3,0.3,0.3,0.0,0.0,0.0,0.5,0.1,0.0,0.4,113,DHS,
Mozambique,508,2003,15-49,16.5,11.8,0.9,0.0,4.9,4.8,0.1,1.1,0.0,,0.0,4.7,3.1,0.2,1.4,113,DHS,
Myanmar,104,1991,15-49,16.8,13.6,3.7,1.8,4.0,3.1,0.9,0.1,0.0,,0.0,3.2,2.2,0.4,0.5,27,National survey,Myanmar Population Changes and Fertility Survey 1991
Myanmar,104,1997,15-49,32.7,28.3,5.5,2.2,7.4,11.7,1.3,0.1,0.0,,0.0,4.4,2.4,0.8,1.2,27,National survey,Myanmar Fertility and Reproductive Health Survey 1997
Myanmar,104,2001,15-49,37.0,32.8,4.6,1.5,9.8,14.8,1.8,0.3,0.0,,0.0,4.2,1.8,1.0,1.3,,National survey,Myanmar Fertility and Reproductive Health Survey 2001
Myanmar,104,2007,15-49,41.0,38.4,4.4,1.0,10.8,19.7,1.8,0.7,0.0,,0.0,2.6,1.2,0.7,0.6,,National survey,Myanmar Fertility and Reproductive Health Survey 2007
Namibia,516,1989,<50,40.9,32.1,6.4,0.1,8.2,16.0,1.4,,,,0.0,8.8,,,8.8,,National survey,Southern African Demographic and Health Survey
Namibia,516,1992,15-49,28.9,26.0,7.4,0.2,8.3,7.7,2.1,0.3,0.1,,0.0,2.9,0.7,0.3,1.9,113,DHS,
Namibia,516,2000,15-49,43.7,42.6,8.5,0.8,8.2,18.7,1.2,5.2,0.0,,0.1,1.1,0.2,0.1,0.9,,DHS,
Namibia,516,2006,15-49,55.1,53.5,10.3,0.4,8.6,21.8,1.4,10.6,0.1,0.2,0.1,1.6,0.4,0.3,0.9,,DHS,
Nauru,520,2007,15-49,35.6,23.0,13.3,0.2,0.6,2.3,3.8,2.8,,,0.0,12.6,4.7,4.5,3.3,,National survey,2007 Nauru Demographic and Health Survey
Nepal,524,1976,15-49,2.4,2.4,0.1,1.6,0.4,,0.1,0.2,0.0,,0.0,,,,,,WFS,
Nepal,524,1981,15-49,6.8,6.8,2.3,2.9,1.1,0.1,0.0,0.4,,,0.0,,,,,,CPS,
Nepal,524,1986,15-49,15.1,15.1,6.8,6.2,0.9,0.5,0.1,0.6,,,0.0,,,,,7,National survey,Nepal Fertility and Family Planning Survey 1986
Nepal,524,1991,15-49,24.1,24.1,12.1,7.5,1.1,2.3,0.2,0.6,,0.3,0.0,,,,,7,National survey,
Nepal,524,1996,15-49,28.5,26.0,12.1,5.4,1.4,4.5,0.3,1.9,0.1,0.4,0.0,2.5,0.9,1.4,0.2,,DHS,
Nepal,524,2000,15-49,37.3,37.1,14.5,7.7,2.4,10.6,0.1,1.4,0.1,0.3,0.0,0.2,0.2,0.0,0.0,7,National survey,
Nepal,524,2001,15-49,39.3,35.4,15.0,6.3,1.6,8.4,0.4,2.9,0.0,0.6,0.0,3.9,1.1,2.6,0.3,,DHS,
Nepal,524,2003,15-49,38.3,37.9,12.6,7.6,,,,2.9,,,14.7,0.4,,,,100,LSMS,
Nepal,524,2006,15-49,48.0,44.2,18.0,6.3,3.5,10.1,0.7,4.8,0.0,0.8,0.0,3.7,1.2,2.6,0.0,113,DHS,
Netherlands,528,1969,See notes,59.0,41.6,,,26.6,,0.6,13.6,0.8,,0.0,17.5,11.2,5.3,1.0,,National survey,National Fertility Survey of 1969
Netherlands,528,1975,See notes,75.0,69.1,2.1,2.1,49.5,,4.5,10.1,0.8,,0.0,5.9,3.0,2.1,0.8,,National survey,The Netherlands Survey on Fertility and Parenthood Motivation 1975
Netherlands,528,1977,16-49,73.0,65.2,,,40.0,0.0,4.3,8.0,,,12.9,7.8,,,,,National survey,Netherlands Fertility Survey 1977
Netherlands,528,1982,18-37,76.9,73.9,8.2,10.8,,,9.8,6.9,,,38.2,3.0,,,,,National survey,Birth Control in the Netherlands Survey 1982
Netherlands,528,1988,18-37,76.2,72.0,4.4,11.1,,,7.0,8.2,,,41.3,4.2,,,,,National survey,Birth Control in the Netherlands Survey 1988
Netherlands,528,1993,18-42,78.5,75.6,4.8,10.5,49.0,,3.6,7.7,,,,2.8,,,,,FFS,
Netherlands,528,1998,18-45,71.0,70.0,4.0,8.0,48.0,,3.0,7.0,,,0.0,1.0,,,,,National survey,Birth Control in the Netherlands Survey 1998
Netherlands,528,2003,18-45,67.0,65.0,4.0,8.0,41.0,,4.0,8.0,,,0.0,2.0,,,,,National survey,Birth Control in the Netherlands Survey 2003
Netherlands,528,2008,18-45,69.0,67.0,3.0,7.0,40.0,,8.0,9.0,,,0.0,2.0,,,,,National survey,Birth Control in the Netherlands Survey 2008
New Zealand,554,1976,15+,70.1,61.5,11.3,9.0,28.1,,4.3,7.8,,,1.0,8.6,1.6,,7.1,,National survey,National Survey of Contraceptive Practice
New Zealand,554,1995,20-49,75.0,72.3,14.6,19.5,20.7,1.8,3.4,11.5,0.8,,0.0,2.7,1.6,1.0,0.1,,FFS,
Nicaragua,558,1981,15-49,27.0,22.8,7.1,0.1,10.5,1.4,2.3,0.8,0.6,,0.0,4.4,1.0,0.4,3.0,30,CPS,
Nicaragua,558,1992,15-49,48.7,44.9,18.5,0.3,12.9,1.2,9.3,2.6,0.1,0.0,0.0,3.7,2.6,1.1,0.0,,RHS,
Nicaragua,558,1997,15-49,60.3,57.4,26.1,0.5,13.9,5.2,9.1,2.6,0.0,0.0,0.0,2.6,1.6,1.0,0.0,30,DHS,
Nicaragua,558,2001,15-49,68.6,64.3,25.3,0.5,14.6,14.3,6.4,3.3,0.0,0.0,0.0,4.3,1.5,1.0,1.8,115,DHS,
Nicaragua,558,2006,15-49,72.4,68.8,24.3,0.4,13.5,23.4,3.4,3.8,0.0,0.0,0.0,3.7,1.7,1.0,1.0,115,RHS,
Niger,562,1992,15-49,4.4,2.3,0.1,0.0,1.5,0.5,0.2,0.0,0.0,,0.0,2.2,0.1,0.0,2.1,113,DHS,
Niger,562,1998,15-49,8.2,4.6,,,2.8,1.5,,0.0,,,0.3,3.6,0.1,0.1,3.4,,DHS,
Niger,562,2000,15-49,14.0,4.3,0.2,0.0,3.4,0.6,0.1,0.0,0.0,0.0,0.1,9.7,0.0,0.0,9.7,,MICS,
Niger,562,2006,15-49,11.2,5.0,0.3,0.0,3.0,1.5,0.1,0.0,0.0,0.0,0.0,6.2,0.1,0.0,6.1,118,DHS,
Nigeria,566,1981,15-49,6.8,0.9,,,0.5,0.2,0.1,0.0,0.0,,0.1,5.9,,,,,WFS,
Nigeria,566,1990,15-49,6.0,3.5,0.3,0.0,1.2,0.7,0.8,0.4,0.1,,0.0,2.5,1.4,0.5,0.6,,DHS,
Nigeria,566,1994,15-49,13.4,10.9,0.3,0.0,5.9,1.7,1.6,1.4,0.0,,0.0,2.5,0.8,0.4,1.3,,National survey,Sentinel Survey of the National Population Programme
Nigeria,566,1999,15-49,15.3,8.6,0.3,0.0,2.4,2.4,2.0,1.2,0.2,0.1,0.0,6.7,4.6,1.2,0.9,,DHS,
Nigeria,566,2003,15-49,12.6,6.8,0.2,0.0,1.8,2.0,0.7,1.9,0.0,0.0,0.1,5.8,2.1,1.3,2.4,115,DHS,
Nigeria,566,2007,15-49,14.7,9.1,0.2,0.0,2.5,3.4,0.9,1.6,0.1,0.3,0.0,5.5,2.0,1.3,2.2,,MICS,
Nigeria,566,2008,15-49,14.6,8.1,0.4,0.0,1.7,2.6,1.0,2.4,0.0,0.0,0.0,6.5,2.1,2.0,2.5,118,DHS,
Northern Mariana Islands,580,1970,15-49,20.5,16.0,,,7.4,,1.2,,,,7.4,4.3,1.2,,3.1,
Norway,578,1977,18-44,71.0,65.2,4.0,2.1,13.0,,28.0,16.0,2.1,,0.0,5.8,2.8,3.0,0.0,,National survey,Norwegian Fertility Survey 1977
Norway,578,1988,20-43,73.8,69.2,10.4,4.1,17.8,,24.1,12.5,0.4,,0.0,4.6,2.3,1.8,0.5,,FFS,
Norway,578,1998,20-44,86.5,78.3,10.4,6.3,20.6,,22.3,14.7,1.5,2.5,0.0,8.2,,,,,National survey,Survey on Contraceptive Use 1998
Norway,578,2005,20-44,88.4,82.2,7.7,,31.0,,23.3,12.8,4.1,3.3,0.0,6.3,,,,,National survey,Survey on Contraceptive Use 2005
Occupied Palestinian Territory,275,1996,15-49,45.2,30.7,,,3.8,,21.5,,,,5.4,14.5,,,,,National survey,Palestinian Health Survey 1996
Occupied Palestinian Territory,275,2000,15-49,51.4,36.7,2.7,0.1,5.8,0.4,24.6,2.8,0.3,,0.0,14.8,4.0,5.5,5.3,109,National survey,Palestinian Health Survey 2000
Occupied Palestinian Territory,275,2004,15-49,50.6,37.3,2.7,0.0,6.2,0.7,23.7,3.8,0.2,,0.0,13.3,3.8,5.2,4.3,109,National survey,Palestinian Demographic and Health Survey 2004
Occupied Palestinian Territory,275,2006,15-49,50.2,38.9,,,7.0,,24.8,,,,7.1,11.3,,,,,PAPFAM,
Oman,512,1988,15-49,8.6,7.5,2.2,,2.4,0.3,1.5,1.1,,,0.0,1.1,0.5,,0.6,,GCHS,
Oman,512,1995,15-49,23.7,18.2,4.5,0.0,6.1,3.8,2.2,1.5,0.0,,0.0,5.6,1.0,2.3,2.3,,GFHS,
Oman,512,2000,15-49,31.7,24.6,5.4,0.0,4.5,8.0,3.3,3.3,0.1,,0.0,7.1,1.4,3.9,1.8,,National survey,Reproductive Health Survey
Pakistan,586,1968,15-49,5.5,,,,,,,,,,,,,,,,National survey,National Impact Survey 1968-1969
Pakistan,586,1975,15-49,5.4,3.9,0.9,0.1,1.0,0.0,0.7,1.0,0.2,,0.0,1.5,0.1,0.1,1.3,105,WFS,
Pakistan,586,1979,15-49,3.3,,,,,,,,,,,,,,,,National survey,Pakistan Labour Force and Migration Survey 1979-1980
Pakistan,586,1984,15-49,9.1,7.6,2.6,0.0,1.4,0.6,0.8,2.1,0.1,,0.0,1.5,0.1,0.9,0.5,7,CPS,
Pakistan,586,1990,15-49,11.8,9.0,3.5,0.0,0.7,0.8,1.3,2.7,0.0,,0.0,2.8,1.3,1.2,0.3,,DHS,
Pakistan,586,1991,15-49,6.9,,,,,,,,,,,,,,,,National survey,Pakistan Integrated Household Survey 1991
Pakistan,586,1993,15-49,21.9,17.9,5.4,0.1,2.7,0.5,3.5,4.5,1.2,,0.0,4.0,0.7,3.0,0.3,,National survey,Pakistan Contraceptive Prevalence Survey 1993
Pakistan,586,1994,15-49,17.8,12.6,5.0,0.0,0.7,1.0,2.1,3.7,0.0,,0.0,5.2,1.0,4.2,0.0,,National survey,Pakistan Contraceptive Prevalence Survey 1994-1995
Pakistan,586,1995,15-49,13.0,,,,,,,,,,,,,,,,National survey,Pakistan Integrated Household Survey 1995-1996
Pakistan,586,1996,15-49,23.9,16.9,6.0,0.0,1.6,1.4,3.4,4.2,0.1,,0.2,7.0,1.9,4.6,0.5,,National survey,Pakistan Fertility and Family Planning Survey 1996-1997
Pakistan,586,1996,15-49,15.0,,,,,,,,,,,,,,,,National survey,Pakistan Integrated Household Survey 1996-1997
Pakistan,586,1998,15-49,17.0,,,,,,,,,,,,,,,,National survey,Pakistan Integrated Household Survey 1998-1999
Pakistan,586,2000,15-49,27.6,20.2,6.9,0.0,1.9,2.6,3.5,5.5,0.0,,,7.4,1.6,5.3,0.5,30,National survey,Pakistan Reproductive Health and Family Planning Survey 2000-2001
Pakistan,586,2003,15-49,32.1,25.2,7.5,0.2,3.1,3.4,4.4,6.4,0.0,,0.2,6.8,1.7,4.9,0.2,,National survey,
Pakistan,586,2005,15-49,26.0,18.4,6.2,,2.1,2.3,2.1,5.2,0.0,,0.5,7.5,1.6,6.0,0.0,80,LSMS,
Pakistan,586,2006,15-49,29.6,21.7,8.2,0.1,2.1,2.3,2.3,6.8,,0.1,0.0,7.9,3.6,4.1,0.2,,DHS,
Pakistan,586,2007,15-49,27.0,19.3,6.5,,1.9,2.7,2.5,5.4,,,0.3,7.7,1.4,6.0,0.3,,LSMS,
Palau,585,2003,15-44,32.8,29.7,1.3,0.0,16.9,4.4,0.9,0.6,0.0,5.6,0.0,3.1,0.6,0.0,2.5,1,National survey,
Panama,591,1975,20-49,53.9,45.9,21.2,0.4,17.0,0.6,3.7,1.2,1.8,,0.0,8.0,2.5,3.0,2.5,106,WFS,
Panama,591,1979,15-44,60.6,54.1,,,19.0,,3.7,1.7,,,29.7,6.5,2.9,1.4,2.2,75,CPS,
Panama,591,1984,15-44,58.2,54.2,32.4,0.4,11.8,0.8,6.0,1.6,1.2,,0.0,4.0,2.3,1.4,0.3,,National survey,
Papua New Guinea,598,1996,15-49,25.9,19.6,7.6,0.2,4.4,6.8,0.1,0.5,0.0,,0.0,6.3,2.9,0.6,2.8,,National survey,Papua New Guinea Demographic and Health Survey 1996
Papua New Guinea,598,2006,15-49,35.7,,,,,,,,,,,,,,,,National survey,Papua New Guinea Demographic and Health Survey 2006
Paraguay,600,1977,15-44,28.6,23.3,3.2,0.0,11.8,0.9,4.0,2.6,0.8,,0.0,5.2,1.9,3.3,0.0,,National survey,Encuesta de Prevalec’a de Anticonceptivos 1977
Paraguay,600,1979,15-44,37.7,25.4,,,13.0,1.9,5.8,1.8,0.9,0.0,2.0,12.3,4.4,2.3,5.6,,WFS,
Paraguay,600,1987,15-44,44.8,29.0,,,13.5,3.6,5.1,2.3,0.5,,4.0,15.8,5.7,2.9,7.2,,RHS,
Paraguay,600,1990,15-49,48.4,35.2,7.4,0.0,13.6,5.2,5.7,2.6,0.8,,0.0,13.2,5.3,2.9,5.0,113,DHS,
Paraguay,600,1995,15-49,55.9,41.3,,,13.5,6.2,7.6,6.5,0.7,,6.8,14.7,6.1,3.4,5.2,,RHS,
Paraguay,600,1998,15-44,61.8,47.5,8.0,0.0,13.1,7.5,11.1,7.3,0.5,,0.0,14.3,4.3,5.4,4.6,113,RHS,
Paraguay,600,2004,15-44,72.8,60.5,11.5,0.1,15.0,10.4,11.5,11.9,0.2,0.0,0.0,12.3,7.7,4.5,0.0,,RHS,
Paraguay,600,2008,15-44,79.4,70.1,9.9,0.2,18.0,16.5,12.3,13.2,0.1,,0.0,9.3,4.5,4.3,0.6,,RHS,
Peru,604,1969,15-49,26.0,10.0,2.0,0.0,3.0,0.0,1.0,3.0,1.0,,0.0,16.0,7.0,4.0,5.0,,National survey,Encuesta de Fecundidad Urbana y Rural de 1969-1970
Peru,604,1977,15-49,31.4,11.2,2.8,0.0,4.2,1.0,1.3,1.1,0.8,,0.0,20.2,10.9,3.3,6.0,106,WFS,
Peru,604,1981,15-49,41.0,17.0,4.0,0.0,5.0,2.0,4.0,1.0,1.0,,0.0,24.0,17.0,4.0,3.0,,CPS,
Peru,604,1986,15-49,45.8,23.0,6.1,0.0,6.5,1.3,7.4,0.7,1.0,,0.0,22.8,17.7,3.6,1.5,,DHS,
Peru,604,1991,15-49,59.0,32.8,7.9,0.1,5.7,1.9,13.4,2.8,1.0,,0.0,26.2,20.7,3.9,1.6,,DHS,
Peru,604,1996,15-49,64.2,41.3,9.5,0.2,6.2,8.0,12.0,4.4,0.7,0.3,0.0,22.9,18.0,3.2,1.6,113,DHS,
Peru,604,2000,15-49,68.9,49.8,12.3,0.5,6.7,14.8,9.1,5.6,0.6,0.2,0.0,19.1,14.4,3.2,1.6,118,DHS,
Peru,604,2004,15-49,71.3,47.1,10.3,0.4,7.1,14.6,5.6,8.4,0.6,0.0,0.0,24.2,18.1,4.1,2.0,118,DHS,
Peru,604,2007,15-49,72.4,48.5,9.8,0.3,7.6,16.4,4.0,9.9,0.2,0.0,0.0,23.9,17.3,5.3,1.3,,DHS,
Peru,604,2009,15-49,73.2,49.9,9.4,0.4,7.6,18.1,3.8,10.0,0.3,0.0,0.0,23.3,15.6,6.5,1.2,,DHS,
Philippines,608,1978,15-49,36.2,16.2,4.7,0.7,4.5,0.2,2.3,3.6,0.2,,0.0,20.0,8.5,9.4,2.1,106,WFS,
Philippines,608,1993,15-49,40.0,24.9,11.9,0.4,8.5,0.1,3.0,1.0,0.0,,0.0,15.1,7.3,7.4,0.4,,DHS,
Philippines,608,1995,15-49,50.7,25.5,8.9,,11.2,,,,,,,25.2,18.4,,,,National survey,1995 Family Planning Survey
Philippines,608,1996,15-49,48.1,30.2,10.6,,11.6,1.6,3.7,1.6,,,1.1,17.9,10.3,6.9,0.7,,National survey,1996 Family Planning Survey
Philippines,608,1997,15-49,47.0,30.9,10.6,,12.5,,,,,,,16.1,9.7,,,,National survey,1997 Family Planning Survey
Philippines,608,1998,15-49,46.5,28.0,10.3,0.1,9.9,2.4,3.7,1.6,,,0.0,18.5,8.9,8.9,0.8,109,DHS,
Philippines,608,1999,15-49,49.3,31.8,10.7,0.1,13.1,2.7,3.4,1.7,0.1,,0.0,17.4,9.6,6.7,1.1,115,National survey,1999 Family Planning Survey
Philippines,608,2000,15-49,47.0,31.6,10.6,0.2,13.7,2.5,3.3,1.3,0.0,,0.0,15.2,9.5,4.8,0.9,,National survey,2000 Family Planning Survey
Philippines,608,2001,15-49,49.5,33.1,10.5,,14.1,,,,,,,16.4,,,,115,National survey,2001 Family Planning Survey
Philippines,608,2002,15-49,48.8,35.1,11.0,,15.3,,,,,,,13.8,,,,115,National survey,2002 Family Planning Survey
Philippines,608,2003,15-49,48.9,33.0,10.5,0.1,13.2,3.1,4.1,1.9,0.0,0.0,0.0,15.9,6.8,8.2,0.9,115,DHS,
Philippines,608,2004,15-49,49.3,34.7,9.4,0.1,15.6,3.6,3.9,2.1,0.0,,0.0,14.7,7.1,6.8,0.8,115,National survey,2004 Family Planning Survey
Philippines,608,2005,15-49,49.3,35.6,9.4,0.1,17.1,3.2,3.9,1.9,0.0,,0.0,13.6,6.5,6.3,0.8,115,National survey,2005 Family Planning Survey
Philippines,608,2005,15-49,50.6,35.6,10.4,0.1,16.6,2.8,4.1,1.6,0.0,,0.0,15.1,7.0,7.3,0.8,115,National survey,2006 Family Planning Survey
Philippines,608,2008,15-49,50.7,33.6,9.2,0.0,15.7,2.6,3.7,2.3,0.0,0.0,0.0,17.1,6.4,9.8,0.8,,DHS,
Poland,616,1972,<45,60.0,13.2,,,2.4,,0.6,10.2,0.0,,0.0,46.8,19.8,22.8,4.2,,National survey,1972 Family Inquiry
Poland,616,1977,<45,75.0,26.3,,,7.5,,1.5,14.3,3.0,,0.0,48.8,30.0,18.8,0.0,63,National survey,Family Survey 1977
Poland,616,1991,20-49,72.7,28.0,0.0,0.0,3.4,,8.4,13.4,2.8,,0.0,44.7,28.4,16.3,0.0,,FFS,
Portugal,620,1979,15-49,76.3,37.8,1.1,0.1,22.0,1.7,4.1,6.5,2.3,,0.0,38.5,4.6,29.4,4.5,,WFS,
Portugal,620,1997,15-49,78.8,70.4,1.0,0.5,47.8,0.4,7.7,11.4,1.6,,,8.4,2.5,5.5,0.4,8,FFS,
Portugal,620,2005,15-49,86.8,82.5,5.1,,58.9,,7.3,11.2,,,,5.6,2.1,3.5,,,National survey,InquŽrito Nacional de Saœde 2005-2006
Puerto Rico,630,1968,15-49,60.1,50.8,34.1,1.4,11.3,,1.6,2.1,0.3,,0.0,9.3,1.7,4.4,3.2,,National survey,Survey of Use of Contraceptive Methods in Puerto Rico
Puerto Rico,630,1974,15-49,61.0,55.0,,,20.0,,3.6,2.9,,,28.5,6.1,,,,,National survey,Puerto Rican Survey of the Attitude Toward Population and Family Planning
Puerto Rico,630,1976,15-49,64.6,57.6,35.4,2.8,12.7,,3.4,,,,3.3,7.0,,,,,National survey,Survey of Use of Contraceptive Methods in Puerto Rico
Puerto Rico,630,1982,15-44,70.4,62.1,39.7,4.4,9.3,,4.1,4.6,0.0,,0.0,8.3,5.5,,2.8,121,National survey,1982 Puerto Rico Fertility and Family Planning Assessment
Puerto Rico,630,1995,15-49,77.7,67.6,45.5,3.5,9.7,,1.0,6.4,0.4,,1.3,10.1,6.1,4.0,0.0,,RHS,
Puerto Rico,630,2002,18-44,84.1,72.2,38.5,5.3,15.5,2.7,1.2,8.8,0.2,0.0,0.0,12.0,8.2,2.1,1.7,,National survey,Behavioral Risk Factor Surveillance System
Qatar,634,1987,15-49,32.3,28.9,4.5,,13.1,,8.6,2.2,0.5,,0.0,3.4,1.8,,1.6,120,GCHS,
Qatar,634,1998,15-49,43.2,32.3,4.1,,15.8,,9.0,2.9,,,0.5,10.9,2.3,6.8,1.8,,GFHS,
Republic of Korea,410,1965,15-44,16.0,14.0,0.0,1.0,1.0,,4.0,8.0,,,0.0,2.0,,,,,National survey,1965 Fertility and Family Planning Survey
Republic of Korea,410,1966,15-44,20.0,15.0,,,1.0,,9.0,3.0,,,2.0,5.0,,,,,National survey,1966 Fertility and Family Planning Survey
Republic of Korea,410,1971,15-44,24.5,20.3,1.0,2.3,6.8,,7.0,3.2,,,0.0,4.2,,,,,National survey,1971 Fertility-Abortion Survey
Republic of Korea,410,1974,15-49,34.9,27.0,1.7,3.3,8.4,0.2,8.0,5.1,0.3,,0.0,7.9,4.6,2.6,0.7,106,WFS,
Republic of Korea,410,1976,15-44,44.2,32.9,4.1,4.2,7.8,,10.5,6.3,,,0.0,11.3,7.1,,4.2,120,National survey,1976 National Fertility and Family Planning Evaluation Survey
Republic of Korea,410,1979,15-44,54.5,43.1,14.5,5.9,7.2,,9.6,5.2,0.7,,0.0,11.4,,,,,CPS,
Republic of Korea,410,1982,15-44,57.7,47.4,22.9,5.1,5.4,,6.7,7.2,,,0.0,10.3,,,,,National survey,1982 National Family Planning and Health Survey
Republic of Korea,410,1985,15-44,70.4,59.4,31.6,8.9,4.3,,7.4,7.2,,,0.0,11.0,,,,126,National survey,1985 National Fertility and Family Health Survey
Republic of Korea,410,1988,15-44,77.1,70.1,37.2,11.0,2.8,,6.7,10.2,2.2,,0.0,7.0,,,,120,National survey,1988 National Fertility and Family Health Survey
Republic of Korea,410,1991,15-44,79.4,69.5,35.3,12.0,3.0,,9.0,10.2,,,0.0,9.9,7.0,,2.9,120,National survey,1991 National Fertility and Family Health Survey
Republic of Korea,410,1994,15-44,77.4,66.8,28.6,11.6,1.8,,10.5,14.3,,,0.0,10.6,,,,126,National survey,1994 National Fertility and Family Health Survey
Republic of Korea,410,1997,15-44,80.5,69.5,24.1,12.7,1.8,,13.2,15.1,,,2.6,11.0,,,,,National survey,1997 National Fertility and Family Health Survey
Republic of Korea,410,2000,15-44,79.3,68.3,18.3,13.0,2.1,,13.7,16.5,,,4.7,11.0,,,,,National survey,2000 National Fertility and Family Health Survey
Republic of Korea,410,2003,15-44,84.5,69.5,15.6,15.7,2.0,,16.1,8.5,,,11.6,15.0,,,,,National survey,2003 National Fertility and Family Health and Welfare Survey
Republic of Korea,410,2005,15-44,80.2,,,,,,,,,,,,,,,,National survey,2005 National Fertility and Family Health Survey
Republic of Korea,410,2006,15-44,79.6,71.6,11.3,19.7,1.1,,15.0,19.2,,,5.3,8.0,,,,,National survey,2006 National Fertility and Family Health Survey
Republic of Korea,410,2009,15-44,80.0,70.1,5.9,16.8,2.0,,12.8,24.3,0.9,,7.4,9.9,9.9,,,,National survey,2009 National Fertility and Family Health Survey
Republic of Moldova,498,1997,15-44,73.7,49.9,3.4,0.0,2.1,0.0,38.4,5.9,0.0,0.0,0.0,23.8,2.0,21.6,0.2,8,RHS,
Republic of Moldova,498,2000,15-49,62.4,42.8,1.1,0.0,3.3,0.0,34.5,3.5,0.3,0.0,0.0,19.6,4.3,13.9,1.4,,MICS,
Republic of Moldova,498,2005,15-49,67.8,42.6,4.7,0.0,3.6,,25.2,7.4,,,1.7,25.2,3.5,19.6,2.2,,DHS,
RŽunion,638,1986,20-49,64.7,57.0,8.2,0.1,28.4,3.3,13.7,2.8,0.5,,0.0,8.0,1.8,2.7,3.5,,National survey,Enqute Union et FŽconditŽ 1986
RŽunion,638,1990,15-49,72.9,67.2,5.1,0.0,39.9,1.3,18.1,2.6,0.2,,0.0,5.8,1.1,3.0,1.7,,National survey,Enqute FŽconditŽ et la PrŽvalence de la Contraception 1990
RŽunion,638,1997,20-44,66.6,63.5,3.2,0.0,42.6,0.0,13.0,3.2,0.2,0.0,1.3,3.1,1.5,1.6,0.0,,National survey,Enqute DEMO97
Romania,642,1978,15-49,58.0,5.3,,,0.6,,,3.5,1.2,,0.0,52.8,23.8,25.5,3.5,2,National survey,A survey on the fertility of the female population of Romania 1978
Romania,642,1993,15-44,57.3,14.5,1.4,,3.1,,4.2,3.9,1.9,,0.0,42.9,8.5,34.4,0.0,,RHS,
Romania,642,1999,15-44,63.8,29.5,2.5,,7.9,,7.3,8.5,2.8,,0.5,34.3,5.6,28.7,0.0,,RHS,
Romania,642,2004,15-44,70.3,38.2,2.8,,14.1,,6.7,12.1,1.8,,0.7,32.1,6.6,25.5,0.0,,National survey,Reproductive Health Survey Romania 2004
Russian Federation,643,1992,20-49,62.5,44.4,,,3.3,,29.7,,,,11.4,18.1,,,,,National survey,The Russia Longitudinal Monitoring Survey
Russian Federation,643,1994,20-49,66.8,48.6,,,4.0,,33.1,,,,11.5,18.2,,,,,National survey,The Russia Longitudinal Monitoring Survey
Russian Federation,643,1995,20-49,63.4,47.5,,,5.3,,31.2,,,,10.9,16.0,,,,,National survey,The Russia Longitudinal Monitoring Survey
Russian Federation,643,1996,20-49,65.3,47.1,,,5.3,,29.7,,,,12.1,18.3,,,,,National survey,The Russia Longitudinal Monitoring Survey
Russian Federation,643,2004,< 50,83.8,64.6,,,15.0,0.3,24.0,28.5,3.0,,0.7,19.2,18.0,15.3,6.4,
Russian Federation,643,2007,< 50,79.5,65.0,,,14.1,,20.4,30.3,,,5.2,14.6,14.5,13.6,2.9,
Rwanda,646,1983,15-50,11.0,0.9,,,0.2,0.4,0.3,0.0,,,0.0,10.1,8.5,1.5,0.1,3,WFS,
Rwanda,646,1992,15-49,21.2,12.9,0.7,0.0,3.0,8.4,0.2,0.2,0.0,0.3,0.0,8.3,5.1,3.1,0.1,,DHS,
Rwanda,646,1996,20-49,13.7,7.1,0.0,0.0,2.4,4.1,0.3,0.2,0.0,0.2,0.0,6.6,,0.3,6.3,,National survey,Enqute Socio-dŽmographique 1996
Rwanda,646,2000,15-49,13.2,4.3,0.8,,1.0,1.9,,0.4,,,0.3,8.9,4.7,2.9,1.4,,DHS,
Rwanda,646,2005,15-49,17.4,8.9,0.5,,2.4,4.7,,0.9,,,0.4,8.5,4.7,3.0,0.8,,DHS,
Rwanda,646,2007,15-49,36.4,26.1,0.7,0.1,6.4,15.2,0.2,1.9,0.0,1.6,0.0,10.3,6.3,3.0,1.0,118,DHS,
Saint Kitts and Nevis,659,1984,15-44,40.6,37.0,,,19.7,2.3,3.8,5.6,3.0,0.0,2.6,3.6,,,,,CCPS,
Saint Lucia,662,1981,15-44,52.2,50.7,13.7,0.0,26.1,2.9,1.2,4.9,1.4,0.0,0.0,2.6,0.9,1.7,0.0,,CPS,
Saint Lucia,662,1988,15-44,47.3,45.9,7.7,0.0,18.5,7.5,4.6,5.9,1.7,,0.0,1.4,,,,126,CCPS,
Saint Vincent and the Grenadines,670,1981,15-44,55.5,51.6,15.6,0.0,16.8,3.2,2.8,11.2,2.0,0.0,0.0,2.3,1.3,1.0,0.0,,CPS,
Saint Vincent and the Grenadines,670,1988,15-44,58.3,55.9,13.4,,24.5,6.8,2.6,7.5,,0.0,1.1,2.4,,1.7,,,CCPS,
Samoa,882,1998,15-49,24.5,23.2,2.1,0.1,6.4,12.4,1.3,0.9,0.0,,0.0,1.3,0.6,0.4,0.3,1,National survey,Reproductive Health Knowledge and Services in Samoa
Samoa,882,2009,15-49,28.7,26.6,6.7,0.0,5.8,13.7,0.2,0.2,0.0,0.0,0.0,2.1,1.2,0.6,0.3,118,DHS,
Sao Tome and Principe,678,2000,15-49,29.3,27.4,0.4,0.1,16.7,8.5,1.4,0.1,0.1,0.1,0.1,1.9,0.6,0.1,1.3,,MICS,
Sao Tome and Principe,678,2006,15-49,30.7,28.2,0.2,0.0,16.4,10.3,0.8,0.2,0.1,0.0,0.2,2.5,2.0,0.2,0.3,,MICS,
Sao Tome and Principe,678,2008,15-49,38.4,33.1,1.2,0.0,15.1,11.5,0.4,5.0,0.1,0.0,0.0,5.3,2.8,1.2,1.3,,DHS,
Saudi Arabia,682,1996,15-49,31.8,28.5,1.0,,19.6,0.2,6.6,0.9,,,0.2,3.3,1.2,0.8,1.3,,GFHS,
Saudi Arabia,682,1999,15-49,20.8,,,,,,,,,,,,,,,20,National survey,Demographic Survey 1999
Saudi Arabia,682,2007,15-49,23.8,,,,,,,,,,,,,,,,National survey,Demographic Survey 2007
Senegal,686,1978,15-49,3.9,0.6,,,0.3,,0.2,0.1,0.0,0.0,0.0,3.3,0.4,,2.9,105,WFS,
Senegal,686,1986,15-49,11.3,2.4,0.2,0.0,1.2,0.1,0.7,0.1,0.1,,0.0,9.0,0.9,0.1,8.0,107,DHS,
Senegal,686,1992,15-49,7.4,4.8,0.4,0.0,2.2,,1.4,0.4,0.1,,0.2,2.7,0.8,0.1,1.8,,DHS,
Senegal,686,1997,15-49,12.9,8.1,0.5,0.0,3.3,,1.6,0.6,0.2,,1.7,4.8,1.1,0.2,3.6,,DHS,
Senegal,686,1999,15-49,10.5,8.2,0.5,0.0,3.2,2.3,0.9,0.7,0.1,0.4,0.0,2.3,0.9,0.2,1.2,113,DHS,
Senegal,686,2005,15-49,11.8,10.0,0.5,0.0,3.6,3.2,0.5,1.5,0.1,0.6,0.0,1.8,0.6,0.1,1.1,118,DHS,
Serbia,688,1970,15-44,51.7,3.7,,,1.3,,0.0,2.4,,,0.0,48.0,3.9,44.1,0.0,,National survey,1970 Yugoslavia Fertility Survey
Serbia,688,2000,15-49,58.7,31.8,0.0,0.0,4.5,0.0,7.8,17.7,2.0,0.0,0.0,27.0,15.0,11.3,1.2,,MICS,
Serbia,688,2005,15-49,41.2,18.6,0.2,0.0,3.4,0.0,6.0,8.4,0.4,0.0,0.2,22.6,8.0,14.0,0.5,,MICS,
Sierra Leone,694,1992,15+,2.6,2.4,,,1.7,0.2,0.4,0.1,0.0,,0.0,0.1,,0.0,0.1,1,National survey,The Demographic and Social Monitoring Survey
Sierra Leone,694,2000,15-49,4.3,3.9,0.2,0.0,2.5,0.9,0.2,0.1,0.1,0.0,0.0,0.4,0.1,,0.3,,MICS,
Sierra Leone,694,2005,15-49,5.3,4.3,0.1,0.0,2.5,1.4,0.1,0.1,0.0,0.1,0.0,1.0,0.0,0.0,0.9,115,MICS,
Sierra Leone,694,2008,15-49,8.2,6.0,0.0,0.0,2.3,2.9,0.2,0.6,0.0,0.0,0.0,2.1,0.2,0.0,1.9,118,DHS,
Singapore,702,1973,15-44,60.1,52.8,10.8,0.0,21.7,,3.3,17.0,,,0.0,7.3,,,,126,National survey,First National Survey on Family Planning in Singapore 1973
Singapore,702,1977,15-44,71.3,62.8,21.0,0.9,17.0,,3.1,20.8,,,0.0,8.5,,,,126,National survey,Second National Survey on Family Planning in Singapore 1977
Singapore,702,1982,15-44,74.2,58.8,22.3,0.6,11.6,,,24.3,,,0.0,15.4,,,,126,National survey,Third National Survey on Family Planning in Singapore 1982
Singapore,702,1987,15-44,67.0,53.0,,,7.0,,5.0,17.0,,,24.0,14.0,,,,,National survey,Singapore National Family Planning and Population Survey 1987
Singapore,702,1992,15-44,65.0,52.0,,,7.0,,7.0,22.0,,,16.0,13.0,,,,,National survey,Singapore National Family Planning and Population Survey 1992
Singapore,702,1997,15-44,62.0,55.0,,,10.0,,5.0,22.0,,,18.0,7.0,,,,,National survey,Singapore National Family Planning and Population Survey 1997
Slovakia,703,1991,15-44,74.0,41.0,4.0,,5.0,,11.0,21.0,,,,33.0,,,,
Slovakia,703,1997,15-44,79.8,65.6,4.7,,22.3,,12.8,25.8,,,0.0,14.2,,,,6,National survey,Reproductive Practices of Slovak Women
Slovenia,705,1970,15-44,70.6,14.2,,,8.4,,4.6,1.2,,,0.0,56.4,12.6,43.8,0.0,,National survey,1970 Yugoslavia Fertility Survey
Slovenia,705,1994,15-44,78.9,63.2,6.0,0.1,23.2,0.3,22.9,8.1,2.6,,0.0,15.7,7.5,8.0,0.2,27,FFS,
Solomon Islands,90,2006,15-49,34.6,27.3,13.3,0.3,1.3,8.8,2.1,1.5,0.0,0.0,0.0,7.3,4.7,2.2,0.4,118,National survey,Solomon Islands Demographic and Health Survey 2006-2007
Somalia,706,1999,15-49,7.9,1.0,0.0,0.0,0.2,0.0,0.0,0.0,0.8,0.0,0.0,7.0,0.1,0.1,6.8,115,MICS,
Somalia,706,2005,15-49,14.6,1.2,0.0,0.0,0.8,0.2,0.1,0.0,0.0,0.0,0.0,13.4,0.4,0.3,12.8,115,MICS,
South Africa,710,1988,<50,49.7,48.4,8.0,1.4,13.2,19.6,5.3,0.7,0.2,,0.0,1.2,0.2,0.4,0.6,105,National survey,South African Demographic and Health Survey 1987-1989
South Africa,710,1998,15-49,56.3,55.1,15.8,2.1,10.6,23.2,1.8,1.7,0.0,,0.0,1.2,0.3,0.6,0.3,113,DHS,
South Africa,710,2003,15-49,59.9,59.8,14.3,0.7,10.9,28.4,1.0,4.6,0.0,0.0,0.0,0.0,0.0,0.0,0.0,115,DHS,
Spain,724,1977,18-49,47.1,18.6,2.5,0.0,11.0,0.0,0.5,4.6,0.0,,0.0,25.8,6.0,21.6,0.9,,National survey,Encuesta de Fecundidad de 1977
Spain,724,1985,18-49,59.4,38.0,4.3,0.3,15.5,0.0,5.7,12.2,0.0,,0.0,21.5,3.6,15.8,2.1,105,National survey,Encuesta de Fecundidad de 1985
Spain,724,1995,20-49,81.1,67.4,12.1,8.1,14.6,0.2,7.6,24.3,0.6,,0.0,13.6,1.9,11.4,0.3,,FFS,
Spain,724,1999,15-49,71.7,66.0,10.1,9.0,13.1,0.1,6.6,27.0,0.1,,0.0,5.7,0.8,4.0,0.9,,National survey,Encuesta de Fecundidad de 1999
Spain,724,2006,15-49,65.7,62.3,5.6,7.9,17.2,0.2,6.4,24.8,0.2,,0.0,3.5,0.3,1.9,1.3,,National survey,Encuesta de Fecundidad y Valores 2006
Sri Lanka,144,1975,15-49,34.4,20.2,9.8,0.8,1.7,0.4,5.2,2.3,0.0,,0.0,14.2,8.9,1.6,3.7,,WFS,
Sri Lanka,144,1975,15-49,43.2,19.7,8.1,1.0,2.4,0.0,5.9,2.3,0.0,0.0,0.0,23.5,,,,,National survey,Family Health Impact Survey 1975
Sri Lanka,144,1977,15-49,48.6,26.9,13.7,1.7,2.4,0.0,5.4,3.7,0.0,0.0,0.0,21.7,,,,,National survey,Family Health Impact Survey 1977
Sri Lanka,144,1981,15-49,47.7,33.7,20.0,3.9,2.5,1.4,3.1,2.8,,,0.0,14.0,10.3,3.5,0.2,,National survey,Family Health Impact Survey 1981-1982
Sri Lanka,144,1982,15-49,57.8,31.9,18.1,3.8,2.7,,2.9,3.3,,,1.0,26.0,14.2,5.1,6.7,,CPS,
Sri Lanka,144,1987,15-49,61.7,40.6,24.9,4.9,4.1,,2.1,1.9,,,2.7,21.1,14.9,3.4,2.8,,DHS,
Sri Lanka,144,1993,15-49,66.1,43.7,23.5,3.7,5.5,4.6,3.0,3.3,0.0,0.1,0.0,22.4,15.2,5.0,2.2,,National survey,Sri Lanka Demographic and Health Survey 1993
Sri Lanka,144,2000,15-49,70.0,49.6,21.0,2.1,6.7,10.8,5.1,3.7,0.0,0.1,0.1,20.4,11.9,7.1,1.4,105,National survey,Sri Lanka Demographic and Health Survey 2000
Sri Lanka,144,2006,15-49,68.0,52.7,16.9,0.7,7.9,15.0,6.3,5.5,0.0,0.3,0.0,15.3,9.6,5.5,0.2,,DHS,
Sudan,736,1978,15-50,4.6,3.9,0.3,0.0,3.1,0.2,0.1,0.1,0.0,,0.0,0.7,0.4,0.1,0.0,,WFS,
Sudan,736,1989,15-49,8.7,5.6,0.8,0.0,3.9,0.1,0.7,0.1,0.0,,0.0,3.1,2.2,0.3,0.6,47,DHS,
Sudan,736,1992,15-49,9.9,6.9,,,5.1,,0.6,,,,1.2,3.0,,,,,PAPCHILD,
Sudan,736,1999,15-49,7.0,5.4,0.0,0.0,4.0,0.0,0.0,0.0,0.0,,1.4,2.0,2.0,0.0,0.0,,National survey,Sudan National Safe Motherhood Survey 1999
Sudan,736,2006,15-49,7.6,5.7,0.3,0.0,4.3,0.5,0.3,0.3,0.0,,0.0,1.9,0.2,0.1,1.6,115,National survey,Sudan Household Health Survey 2006
Suriname,740,1992,15-44,48.0,46.6,5.8,0.0,32.6,1.9,1.4,4.8,0.0,0.0,0.0,1.4,,,,1,National survey,1992 Contraceptive Prevalence Survey
Suriname,740,2000,15-49,42.1,40.6,9.3,0.1,24.5,2.6,1.7,2.5,0.0,0.0,0.0,1.5,0.5,0.4,0.5,115,MICS,
Suriname,740,2006,15-49,45.6,45.0,9.1,0.1,27.3,3.1,1.5,3.9,0.0,0.0,0.0,0.6,0.3,0.1,0.2,,MICS,
Swaziland,748,1988,15-49,19.8,17.1,3.2,0.2,5.5,5.5,1.8,0.7,0.2,,0.0,2.8,0.5,1.2,1.1,26,National survey,Swaziland Family Health Survey
Swaziland,748,2000,15-49,27.7,26.0,6.0,0.0,5.4,11.6,1.2,1.8,0.0,0.0,0.0,1.7,0.4,0.8,0.5,115,MICS,
Swaziland,748,2002,15-49,40.1,38.6,2.2,,5.6,13.5,0.9,16.2,,,0.2,1.5,0.4,0.6,0.5,,National survey,Swaziland 2002 Community Health Survey
Swaziland,748,2006,15-49,50.6,46.8,5.8,0.2,9.9,17.2,1.4,12.2,0.0,0.1,0.1,3.8,0.3,2.2,1.3,,DHS,
Sweden,752,1981,20-44,78.0,72.0,,,23.0,,20.0,,,,29.0,6.0,,,,,National survey,Fertility Survey in Sweden 1981
Sweden,752,1996,18-44,75.2,64.8,,,27.4,0.0,16.2,16.4,0.7,0.0,4.1,10.4,2.6,7.8,0.0,,National survey,National Survey on Sexual Behavior in Sweden (Sex i Sverige) 1996
Switzerland,756,1980,See notes,71.2,64.9,,,28.0,0.0,10.6,8.4,2.1,,15.8,6.4,4.2,1.8,0.4,,National survey,Survey of contraceptive behaviour among Swiss couples
Switzerland,756,1994,20-49,82.0,77.5,13.8,8.3,34.1,0.3,6.0,14.2,0.9,,0.0,4.5,2.3,2.2,0.0,61,FFS,
Syrian Arab Republic,760,1978,< 50,29.5,22.4,0.5,0.1,17.5,0.5,0.9,1.0,1.9,,0.0,7.0,4.2,2.3,0.5,,WFS,
Syrian Arab Republic,760,1993,15-49,39.6,28.3,2.2,0.0,9.9,0.0,15.7,0.3,0.2,,0.0,11.3,6.7,1.0,3.6,109,PAPCHILD,
Syrian Arab Republic,760,2001,15-49,46.6,35.1,1.4,0.0,12.3,0.3,20.0,0.9,0.1,,0.0,11.5,8.6,1.0,1.9,109,PAPFAM,
Syrian Arab Republic,760,2006,15-49,58.3,42.6,1.2,0.0,12.9,0.9,25.7,1.6,0.2,0.0,0.0,15.7,9.2,1.7,4.8,115,MICS,
Tajikistan,762,2000,15-49,33.9,27.3,0.2,0.1,0.6,0.9,25.1,0.4,0.0,0.0,0.0,6.6,2.5,3.0,1.1,115,MICS,
Tajikistan,762,2005,15-49,37.9,33.1,0.4,0.4,2.1,2.4,26.3,1.4,0.0,0.0,0.0,4.9,0.3,1.4,3.2,,MICS,
Tajikistan,762,2007,15-49,37.1,31.7,,,2.6,0.7,25.9,1.3,0.9,0.0,0.3,5.5,1.9,0.7,2.9,,LSMS,
Thailand,764,1969,15-44,14.8,14.8,5.5,2.1,3.8,0.4,2.2,0.8,0.0,,0.0,,,,,,National survey,
Thailand,764,1972,15-44,26.3,25.7,6.8,2.9,10.4,0.9,4.6,0.1,0.0,,0.0,0.6,,,,126,National survey,
Thailand,764,1975,15-44,36.7,33.9,7.4,2.2,15.2,2.1,6.5,0.5,0.0,,0.0,2.9,,,,130,WFS,
Thailand,764,1978,15-44,53.4,49.3,13.0,3.5,21.9,4.7,4.0,2.2,0.0,,0.0,4.1,,,,126,National survey,Thailand Contraceptive Prevalence Survey 1978
Thailand,764,1981,15-44,59.0,56.3,18.7,4.2,20.2,7.1,4.2,1.9,0.0,,0.0,2.7,,,,126,National survey,Thailand Contraceptive Prevalence Survey 1981
Thailand,764,1984,15-44,64.6,62.0,23.5,4.4,19.8,7.6,4.9,1.8,0.0,,0.0,2.6,,1.3,1.3,,National survey,Thailand Contraceptive Prevalence Survey 1984
Thailand,764,1987,15-44,67.5,65.5,22.4,5.5,20.0,9.2,7.2,1.2,0.0,0.0,0.0,2.0,1.0,0.9,0.1,,DHS,
Thailand,764,1987,15-44,70.5,68.3,25.4,3.8,19.9,10.9,6.2,1.9,,0.2,0.0,2.3,,,,,National survey,Contraceptive Use Patterns Survey
Thailand,764,1989,15-44,66.2,64.2,22.6,3.4,24.2,9.3,4.2,,,,0.5,2.0,,,,27,National survey,Survey of Population Change 1989
Thailand,764,1993,15-44,73.9,72.2,19.8,2.8,27.2,14.8,5.7,1.9,0.0,0.0,0.0,1.9,0.9,1.0,0.0,30,National survey,Survey on the Status of Women and Fertility in Thailand
Thailand,764,1995,15-44,75.2,73.8,23.9,1.9,28.4,14.3,3.5,0.5,,1.3,0.0,1.4,,,,27,National survey,Survey of Population Change 1995-1996
Thailand,764,1996,15-44,72.2,69.8,22.0,2.0,23.1,16.4,3.2,1.8,,1.3,0.0,2.4,,,,,National survey,Thailand Contraceptive Prevalence Survey 1996
Thailand,764,2001,15-49,77.8,76.1,26.4,1.9,28.4,13.6,2.7,1.9,,1.2,0.0,1.6,0.6,0.8,0.2,,National survey,
Thailand,764,2005,15-49,73.8,72.5,24.9,0.7,31.3,12.5,1.1,0.8,,0.7,0.5,1.3,0.5,,0.8,92,National survey,2005 Survey Population Change
Thailand,764,2005,15-49,71.5,70.1,24.5,1.0,30.9,10.4,1.2,1.4,0.0,0.7,0.0,1.4,0.6,0.4,0.4,27,MICS,
Thailand,764,2006,15-49,81.1,79.8,26.6,0.9,36.7,12.4,1.2,1.2,0.0,0.8,0.0,1.3,0.9,,0.4,,National survey,2006 Reproductive Health Survey
The former Yugoslav Republic of Macedonia,807,1970,15-44,43.2,3.1,,,1.0,,0.4,1.7,,,0.0,40.1,0.6,39.5,0.0,,National survey,1970 Yugoslavia Fertility Survey
The former Yugoslav Republic of Macedonia,807,2005,15-49,13.5,9.8,0.7,,2.5,,0.4,4.5,1.4,,0.3,3.7,0.5,0.7,2.6,,MICS,
Timor-Leste,626,1991,15-49,25.1,20.4,0.2,0.0,1.4,10.5,4.5,0.2,0.0,3.6,0.0,4.7,1.4,0.5,2.8,113,DHS,
Timor-Leste,626,1994,15-49,22.6,20.7,0.1,0.0,2.0,14.4,1.0,0.2,0.0,3.0,0.0,1.9,0.9,0.0,1.0,,DHS,
Timor-Leste,626,1997,15-49,26.7,25.1,1.2,0.0,1.9,17.7,1.8,0.0,0.0,2.4,0.0,1.6,1.2,0.0,0.4,,DHS,
Timor-Leste,626,2001,15-49,8.0,6.6,,,0.5,5.3,,,,,0.8,1.3,1.2,0.0,0.1,113,LSMS,
Timor-Leste,626,2003,15-49,10.0,7.0,0.6,0.0,0.8,5.5,0.0,0.0,0.0,0.1,0.0,2.9,1.1,0.0,1.8,115,National survey,Timor-Leste 2003 Demographic and Health Survey
Timor-Leste,626,2007,15-49,19.8,15.8,,,1.9,12.5,,,,,1.4,4.0,2.7,0.6,0.7,113,LSMS,
Timor-Leste,626,2009,15-49,22.3,20.8,0.8,0.0,1.7,15.9,1.3,0.2,0.0,0.8,0.0,1.6,0.9,0.4,0.3,,DHS,
Togo,768,1988,15-49,33.9,3.1,0.6,0.0,0.4,0.2,0.8,0.4,0.6,,0.0,30.8,6.4,2.3,22.1,107,DHS,
Togo,768,1998,15-49,23.5,7.0,0.4,0.0,1.2,2.1,1.0,1.5,0.3,0.6,0.0,16.5,5.4,1.2,9.9,107,DHS,
Togo,768,2000,15-49,25.7,9.3,0.7,0.0,2.5,3.0,0.2,1.6,0.2,1.0,0.1,16.4,6.2,0.4,9.8,,MICS,
Togo,768,2006,15-49,16.8,11.1,0.3,0.0,2.0,3.3,0.4,3.8,0.1,1.0,0.1,5.7,4.9,0.3,0.5,,MICS,
Trinidad and Tobago,780,1970,15-44,43.6,36.5,2.0,0.1,17.1,0.0,3.0,9.8,4.5,,0.0,9.2,2.4,4.3,2.5,,National survey,Family Planning Survey
Trinidad and Tobago,780,1977,15-49,60.2,53.4,5.0,0.2,21.0,1.2,2.6,17.5,5.9,,0.0,6.8,2.7,3.3,0.8,,WFS,
Trinidad and Tobago,780,1987,15-49,52.7,44.4,8.2,0.2,14.0,0.8,4.4,11.8,5.0,,0.0,8.2,2.6,5.3,0.3,114,DHS,
Trinidad and Tobago,780,2000,15-49,38.2,33.2,7.2,0.2,10.2,0.9,2.2,11.7,0.5,0.4,0.0,5.0,0.8,1.1,3.1,115,MICS,
Trinidad and Tobago,780,2006,15-49,42.5,37.7,8.4,0.1,10.9,2.4,2.5,13.0,0.1,0.3,0.0,4.8,1.7,1.8,1.4,115,MICS,
Tunisia,788,1978,15-49,31.4,24.7,7.5,0.0,6.5,0.1,8.7,1.2,0.7,,0.0,6.7,3.8,2.0,0.9,104,WFS,
Tunisia,788,1983,15-49,41.1,34.2,12.5,0.0,5.3,0.4,13.2,1.3,1.5,,0.0,6.9,4.4,1.8,0.7,,CPS,
Tunisia,788,1988,15-49,49.8,40.4,11.5,,8.8,0.8,17.0,1.3,1.0,,0.0,9.4,6.3,2.4,0.7,,DHS,
Tunisia,788,1994,15-49,60.0,51.0,14.5,0.0,11.1,1.0,21.5,1.6,1.3,0.0,0.0,9.0,6.0,2.3,0.7,,PAPCHILD,
Tunisia,788,2000,15-49,65.5,56.7,11.1,0.1,11.0,1.9,31.6,0.5,0.1,0.3,0.1,8.8,6.9,0.5,1.4,,MICS,
Tunisia,788,2001,15-49,62.6,53.1,,,10.9,1.7,27.6,1.6,0.4,0.4,10.5,9.6,7.4,1.7,0.5,62,PAPFAM,
Tunisia,788,2006,15-49,60.2,51.5,5.6,,14.5,1.4,27.8,1.3,0.3,0.3,0.3,8.7,8.0,0.6,0.1,27,MICS,
Turkey,792,1963,<45,22.1,6.7,,,1.0,,0.0,4.3,1.4,,0.0,21.0,,10.4,10.6,
Turkey,792,1968,<45,31.6,9.3,,,2.2,,1.6,4.4,1.1,,0.0,29.8,,18.0,11.8,,National survey,1968 Survey on Family Structure and Population Problems in Turkey
Turkey,792,1973,<45,36.8,11.4,,,,,,,,,,25.4,,,,,National survey,1973 Survey on Population Structure and Population Problems in Turkey
Turkey,792,1978,15-49,50.4,17.8,0.6,0.2,8.1,0.4,4.0,4.1,0.4,0.0,0.0,32.6,1.3,22.2,9.1,,WFS,
Turkey,792,1983,15-49,50.6,22.4,1.1,,7.4,0.2,7.3,4.0,,,2.4,28.2,1.2,24.8,2.2,,CPS,
Turkey,792,1988,15-49,63.4,31.1,1.7,0.1,6.2,0.1,14.0,7.2,,,1.8,32.3,3.5,25.7,3.1,,National survey,1988 Turkish Population and Health Survey
Turkey,792,1993,15-49,62.6,34.5,2.9,0.0,4.9,0.1,18.8,6.6,1.2,0.0,0.0,28.1,1.0,26.2,0.9,106,DHS,
Turkey,792,1998,15-49,63.9,37.7,4.2,0.0,4.4,0.5,19.8,8.2,0.6,0.0,0.0,26.1,1.1,24.4,0.6,,DHS,
Turkey,792,2003,15-49,71.0,42.5,5.7,0.1,4.7,0.4,20.2,10.8,0.6,0.0,0.0,28.5,1.1,26.4,1.0,118,DHS,
Turkey,792,2008,15-49,73.0,46.0,8.3,0.1,5.3,0.9,16.9,14.3,0.1,0.0,0.0,27.0,0.6,26.2,0.2,118,National survey,Turkish Demographic and Health Survey 2008
Turkmenistan,795,2000,15-49,61.8,45.2,1.8,0.0,1.2,1.0,39.0,2.0,0.0,0.0,0.2,16.6,2.1,5.3,9.2,,DHS,
Tuvalu,798,2007,15-49,30.5,22.4,8.5,0.0,2.2,8.4,1.3,0.5,0.0,1.5,0.0,8.1,5.9,1.2,1.0,113,National survey,Tuvalu Demographic and Health Survey 2007
Uganda,800,1988,15-49,4.9,2.5,0.8,0.0,1.1,0.4,0.2,0.0,0.0,,0.0,2.4,1.6,0.3,0.4,,DHS,
Uganda,800,1995,15-49,14.8,7.8,1.4,0.0,2.6,2.5,0.4,0.8,0.0,0.0,0.0,7.0,3.5,0.6,2.9,113,DHS,
Uganda,800,2000,15-49,22.8,14.0,2.0,0.0,3.2,6.4,0.2,1.9,0.0,0.3,0.0,8.8,2.5,1.1,5.2,118,DHS,
Uganda,800,2004,15-49,19.7,16.0,1.7,0.0,3.0,9.7,0.2,1.0,0.0,0.3,0.0,3.7,0.3,0.3,3.1,118,DHS,
Uganda,800,2006,15-49,23.7,17.9,2.4,0.1,2.9,10.2,0.2,1.7,0.0,0.3,0.0,5.8,2.8,2.1,0.9,113,DHS,
Ukraine,804,1999,15-44,67.5,37.6,1.4,,3.0,,18.6,13.5,0.8,,0.3,29.9,10.4,19.5,0.0,84,RHS,
Ukraine,804,2005,15-49,65.6,58.2,1.3,0.0,10.7,0.1,24.8,20.3,0.5,0.1,0.4,7.4,2.7,4.1,0.5,,MICS,
Ukraine,804,2007,15-49,66.7,47.5,0.6,0.0,4.8,0.0,17.7,23.8,0.5,0.0,0.0,19.1,7.2,10.3,1.6,,DHS,
United Arab Emirates,784,1995,15-49,27.5,23.6,4.2,0.1,12.0,1.4,3.7,2.0,0.2,,0.0,4.0,1.6,1.4,1.0,,GFHS,
United Kingdom of Great Britain and Northern Ireland,826,1986,16-49,81.0,78.0,15.0,16.0,19.0,1.0,8.0,16.0,3.0,,0.0,8.0,2.0,6.0,0.0,,National survey,General Household Survey 1986
United Kingdom of Great Britain and Northern Ireland,826,1989,16-49,69.0,66.0,11.0,12.0,22.0,0.0,5.0,15.0,1.0,,0.0,6.0,1.0,4.0,1.0,,National survey,General Household Survey 1989
United Kingdom of Great Britain and Northern Ireland,826,1991,16-49,70.0,70.0,12.0,13.0,23.0,0.0,5.0,16.0,1.0,,0.0,5.0,1.0,3.0,1.0,,National survey,General Household Survey 1991
United Kingdom of Great Britain and Northern Ireland,826,1993,16-49,82.0,82.0,14.0,18.0,23.0,0.0,6.0,18.0,3.0,,0.0,4.0,1.0,3.0,0.0,,National survey,General Household Survey 1993
United Kingdom of Great Britain and Northern Ireland,826,1995,16-49,82.0,80.0,14.0,17.0,22.0,1.0,4.0,19.0,3.0,,0.0,6.0,2.0,4.0,0.0,,National survey,General Household Survey 1995
United Kingdom of Great Britain and Northern Ireland,826,1997,16-49,74.0,74.0,11.0,10.0,26.0,,4.0,21.0,2.0,,2.0,6.0,2.0,4.0,0.0,,National survey,1997 Omnibus Survey
United Kingdom of Great Britain and Northern Ireland,826,1998,16-49,83.0,81.0,13.0,18.0,22.0,2.0,6.0,19.0,1.0,,0.0,6.0,2.0,4.0,0.0,,National survey,General Household Survey 1998
United Kingdom of Great Britain and Northern Ireland,826,1998,16-49,82.0,82.0,14.0,18.0,23.0,,5.0,20.0,3.0,,2.0,9.0,3.0,6.0,0.0,,National survey,1998 Omnibus Survey
United Kingdom of Great Britain and Northern Ireland,826,1999,16-49,76.0,76.0,11.0,11.0,26.0,,5.0,22.0,1.0,,3.0,7.0,2.0,5.0,0.0,,National survey,1999 Omnibus Survey
United Kingdom of Great Britain and Northern Ireland,826,2000,16-49,80.0,80.0,13.0,16.0,21.0,,7.0,22.0,1.0,,2.0,5.0,2.0,3.0,0.0,,National survey,2000 Omnibus Survey
United Kingdom of Great Britain and Northern Ireland,826,2001,16-49,83.0,82.0,12.0,19.0,24.0,,4.0,19.0,1.0,,3.0,6.0,2.0,4.0,0.0,,National survey,2001 Omnibus Survey
United Kingdom of Great Britain and Northern Ireland,826,2002,16-49,80.0,80.0,11.0,18.0,23.0,3.0,5.0,19.0,1.0,,0.0,7.0,2.0,5.0,0.0,,National survey,General Household Survey 2002
United Kingdom of Great Britain and Northern Ireland,826,2002,16-49,84.0,81.0,13.0,17.0,22.0,,7.0,18.0,1.0,,3.0,5.0,1.0,4.0,0.0,,National survey,2002 Omnibus Survey
United Kingdom of Great Britain and Northern Ireland,826,2003,16-49,84.0,84.0,14.0,19.0,21.0,,5.0,22.0,1.0,,2.0,6.0,2.0,4.0,0.0,,National survey,2003 Omnibus Survey
United Kingdom of Great Britain and Northern Ireland,826,2004,16-49,82.0,79.0,11.0,18.0,21.0,,5.0,20.0,1.0,,3.0,6.0,2.0,4.0,0.0,,National survey,2004 Omnibus Survey
United Kingdom of Great Britain and Northern Ireland,826,2005,16-49,82.0,82.0,14.0,20.0,26.0,3.0,9.0,25.0,3.0,1.0,1.0,8.0,2.0,6.0,0.0,,National survey,2005 Omnibus Survey
United Kingdom of Great Britain and Northern Ireland,826,2006,16-49,84.0,84.0,12.0,20.0,31.0,3.0,8.0,25.0,1.0,1.0,0.0,9.0,4.0,5.0,0.0,,National survey,2006 Omnibus Survey
United Kingdom of Great Britain and Northern Ireland,826,2007,16-49,82.0,82.0,9.0,19.0,29.0,3.0,11.0,27.0,0.0,2.0,0.0,10.0,3.0,7.0,0.0,,National survey,2007 Omnibus Survey
United Kingdom of Great Britain and Northern Ireland,826,2008,16-49,84.0,84.0,8.0,21.0,28.0,2.0,10.0,27.0,1.0,1.0,2.0,8.0,2.0,6.0,0.0,,National survey,2008 National Statistics Opinions Survey
United Republic of Tanzania,834,1991,15-49,10.4,6.6,1.6,0.0,3.4,0.4,0.4,0.7,0.0,,0.0,3.9,1.4,1.9,0.6,,DHS,
United Republic of Tanzania,834,1994,15-49,20.4,13.1,2.0,0.0,5.6,2.8,1.0,1.7,0.0,,0.0,7.4,2.3,2.8,2.2,,DHS,
United Republic of Tanzania,834,1996,15-49,18.4,13.3,1.9,0.0,5.5,4.5,0.6,0.8,0.0,0.0,0.0,5.0,2.0,2.6,0.4,105,DHS,
United Republic of Tanzania,834,1999,15-49,25.4,16.9,2.0,0.0,5.3,6.3,0.4,2.7,0.0,0.0,0.0,8.5,2.2,3.5,2.9,,DHS,
United Republic of Tanzania,834,2003,15-49,28.2,23.4,2.0,0.0,7.1,11.8,0.5,1.3,,0.5,0.0,4.8,1.9,1.1,1.7,,DHS,
United Republic of Tanzania,834,2004,15-49,26.4,19.5,2.6,0.0,5.9,8.3,0.2,2.0,0.0,0.5,0.0,6.9,2.0,3.0,1.8,118,DHS,
United Republic of Tanzania,834,2010,15-49,34.4,26.1,3.5,0.0,6.7,10.6,0.6,2.3,0.0,2.3,0.0,8.3,3.1,2.9,2.2,,DHS,
United States of America,840,1955,18-39,58.8,37.3,8.4,0.9,,,,15.9,12.1,,0.0,21.4,11.0,,10.4,,National survey,1955 Growth of American Families Survey
United States of America,840,1965,15-44,66.5,49.1,3.1,2.7,18.9,,0.7,14.6,9.1,,0.0,17.4,7.7,2.7,7.0,,National survey,1965 National Fertility Survey
United States of America,840,1970,15-44,67.6,56.8,4.6,4.9,23.9,,5.1,10.0,8.3,,0.0,10.8,4.8,1.6,4.4,,National survey,1970 National Fertility Survey
United States of America,840,1973,15-44,69.6,63.5,8.6,7.8,25.1,,6.7,9.4,5.9,,0.0,6.2,2.8,1.5,1.9,104,National survey,1973 National Survey of Family Growth
United States of America,840,1975,15-44,79.0,73.2,12.9,11.8,27.1,,6.9,8.6,5.9,,0.0,5.8,2.2,1.6,2.0,,National survey,1975 National Fertility Survey
United States of America,840,1976,15-44,67.7,60.5,9.5,9.0,22.5,,6.3,7.3,5.9,,0.0,7.1,3.4,2.0,1.7,104,National survey,1976 National Survey of Family Growth
United States of America,840,1982,15-44,69.5,64.0,18.7,10.8,13.4,,4.8,9.8,6.5,,0.0,5.5,3.2,1.2,1.1,104,National survey,1982 National Survey of Family Growth
United States of America,840,1988,15-44,74.3,69.1,23.4,12.9,15.1,,1.5,10.6,5.6,,0.0,5.2,2.0,1.7,1.5,104,National survey,1988 National Survey of Family Growth
United States of America,840,1990,15-44,70.7,66.6,23.7,13.6,14.5,,1.0,9.9,2.9,,1.0,4.0,2.4,0.5,1.1,,National survey,1990 National Survey of Family Growth
United States of America,840,1995,15-44,76.4,70.5,23.8,13.2,15.6,1.4,0.7,13.3,1.8,0.7,0.0,5.7,2.3,2.3,1.1,,National survey,1995 National Survey of Family Growth
United States of America,840,2002,15-44,72.8,68.1,21.7,11.2,17.2,2.2,1.9,12.0,0.2,1.0,0.7,4.7,1.7,3.0,0.0,93,National survey,2002 National Survey of Family Growth
United States of America,840,2006,15-44,78.6,73.0,23.6,12.7,16.3,1.4,5.3,11.7,,0.7,1.3,5.6,1.2,4.5,0.0,,National survey,2006-2008 National Survey of Family Growth
United States Virgin Islands,850,2002,18-44,78.4,72.6,19.2,2.1,18.8,5.2,1.4,25.3,0.5,0.0,0.0,5.8,3.7,0.5,1.6,10,National survey,Behavioral Risk Factor Surveillance System
Uruguay,858,1986,15-49,83.0,72.4,,,42.7,,9.7,11.5,2.7,,5.8,10.7,5.3,5.0,0.4,62,National survey,Encuesta de Fecundidad
Uruguay,858,2004,15-50,77.0,74.8,5.4,0.8,23.9,,12.3,30.8,,,1.6,2.2,1.5,0.7,0.0,,National survey,Encuesta Nacional sobre Reproducci—n Biol—gica y Social de la Poblaci—n Uruguaya
Uzbekistan,860,1996,15-49,55.6,51.3,0.7,0.0,1.7,1.4,45.8,1.7,0.0,,0.0,4.3,1.1,2.8,0.4,104,DHS,
Uzbekistan,860,2000,15-49,67.2,62.5,1.4,0.1,2.6,1.3,56.3,0.7,0.0,0.0,0.1,4.7,1.5,1.3,1.9,,MICS,
Uzbekistan,860,2002,15-49,67.7,60.0,2.6,0.0,1.6,2.0,51.8,2.0,0.0,0.0,0.0,7.7,1.1,3.5,3.1,118,DHS,
Uzbekistan,860,2006,15-49,64.9,59.3,2.1,0.1,2.3,2.7,49.7,2.1,0.1,0.1,0.1,5.6,1.7,1.1,2.8,,MICS,
Vanuatu,548,1983,15-49,24.4,20.8,5.3,,5.9,7.7,1.5,0.1,0.3,,0.0,3.6,0.5,,3.1,123,National survey,Maternal and Child Health Survey of Vanuatu
Vanuatu,548,1995,15-49,39.0,32.1,10.3,,13.8,0.1,4.1,,,,3.8,6.9,4.2,,2.7,107,National survey,National Family Planning Survey 1995
Vanuatu,548,2007,15-49,38.4,36.8,5.8,0.3,15.7,10.6,2.5,1.1,0.4,0.2,0.2,1.6,0.8,0.2,0.6,,MICS,
Venezuela (Bolivarian Republic of),862,1977,15-44,60.3,46.1,9.3,,18.7,,10.5,5.9,,,1.7,14.2,,5.8,8.4,6,WFS,
Venezuela (Bolivarian Republic of),862,1993,15-49,58.0,54.5,,,24.0,,9.0,1.5,,,20.0,3.5,,3.5,0.0,,National survey,Encuesta Social 1993
Venezuela (Bolivarian Republic of),862,1998,15-49,70.3,61.7,,,21.1,,9.5,3.4,,,27.7,8.6,3.6,4.5,0.5,62,National survey,Venezuela Encuesta Nacional de Poblaci—n y Familia 1998
Viet Nam,704,1988,15-49,53.2,37.7,2.7,0.3,0.4,,33.1,1.2,,,0.0,15.4,8.1,7.0,0.3,,National survey,Vietnam Demographic and Health Survey 1988
Viet Nam,704,1994,15-49,65.0,43.8,3.9,0.2,2.1,0.2,33.3,4.0,0.1,,0.0,21.2,9.8,11.2,0.2,,National survey,Viet Nam Intercensal Demographic Survey 1994
Viet Nam,704,1997,15-49,75.3,55.8,6.3,0.5,4.3,0.2,38.5,5.9,0.0,0.0,0.0,19.5,7.3,11.9,0.3,,DHS,
Viet Nam,704,1998,15-49,71.9,57.9,,,,,,,,,,14.0,,,,,National survey,Population Change and Family Planning Survey 1998
Viet Nam,704,2000,15-49,74.2,55.7,6.1,0.6,5.4,0.4,37.0,6.1,0.0,0.0,0.2,18.5,11.1,6.6,0.8,,MICS,
Viet Nam,704,2000,15-49,72.7,61.1,5.7,0.4,6.9,0.5,41.6,5.8,0.2,,0.0,11.6,,,11.5,121,National survey,Population Change and Family Planning Survey 2000
Viet Nam,704,2001,15-49,73.9,61.1,5.7,0.4,7.4,0.5,41.2,5.8,0.1,,0.0,12.8,,,12.8,121,National survey,Population Change and Family Planning Survey 2001
Viet Nam,704,2002,15-49,78.5,56.7,5.9,0.5,6.3,0.4,37.7,5.8,0.0,0.0,0.0,21.9,7.5,14.3,0.1,,DHS,
Viet Nam,704,2002,15-49,76.9,64.7,5.5,0.4,8.0,0.7,43.4,6.5,0.2,,0.0,12.2,,,12.1,121,National survey,Population Change and Family Planning Survey 2002
Viet Nam,704,2003,15-49,75.3,63.5,5.2,0.4,8.6,0.7,42.9,5.6,0.1,,0.0,11.8,,,11.8,121,National survey,Population Change and Family Planning Survey 2003
Viet Nam,704,2004,15-49,75.7,64.6,5.0,0.3,9.0,0.8,42.3,7.0,0.3,,0.0,11.1,,,11.1,121,National survey,Population Change and Family Planning Survey 2004
Viet Nam,704,2005,15-49,76.8,65.7,4.8,0.3,9.6,0.9,42.5,7.4,0.2,,0.0,11.1,,,11.1,121,National survey,Population Change and Family Planning Survey 2005
Viet Nam,704,2006,15-49,81.7,68.3,4.5,0.2,8.7,,45.1,9.0,,,0.9,13.4,9.2,4.0,0.2,,LSMS,
Viet Nam,704,2006,15-49,75.7,60.4,5.8,0.5,9.0,1.2,35.9,7.6,0.1,0.1,0.3,15.3,10.2,4.4,0.7,,MICS,
Viet Nam,704,2006,15-49,78.0,67.1,,,,,,,,,,10.9,,,,,National survey,Population Change and Family Planning Survey 2006
Viet Nam,704,2007,15-49,79.0,68.2,4.4,0.3,10.4,0.9,43.7,8.3,0.0,0.1,0.0,10.8,7.2,3.3,0.3,,National survey,Population Change and Family Planning Survey 2007
Viet Nam,704,2008,15-49,79.5,68.8,,,,,,,,,,10.7,,,,,National survey,Sample Survey 2008
Yemen,887,1979,<50,1.7,1.6,0.2,0.2,1.0,0.1,0.1,0.1,0.0,,0.0,0.1,0.0,0.1,0.0,,WFS,
Yemen,887,1992,15-49,9.7,6.1,0.8,0.1,3.2,0.6,1.2,0.1,,,0.1,3.6,0.5,0.6,2.5,,DHS,
Yemen,887,1997,15-49,20.8,9.8,1.4,0.1,3.8,1.2,3.0,0.3,0.1,0.0,0.0,11.0,1.1,1.7,8.2,110,DHS,
Yemen,887,2003,15-49,23.1,13.4,1.7,0.1,6.3,1.3,3.4,0.4,0.1,0.0,0.0,9.7,1.7,2.1,5.9,109,PAPFAM,
Yemen,887,2006,15-49,27.7,19.2,2.3,0.0,9.0,3.5,4.0,0.4,0.0,0.0,0.0,8.4,1.1,0.5,6.8,115,MICS,
Zambia,894,1992,15-49,15.2,8.9,2.1,0.0,4.3,0.1,0.5,1.8,0.1,,0.0,6.3,0.9,3.0,2.4,27,DHS,
Zambia,894,1996,15-49,25.9,14.4,2.0,0.0,7.2,1.0,0.4,3.5,0.1,0.0,0.0,11.5,1.9,4.5,5.2,30,DHS,
Zambia,894,1999,15-49,22.0,17.6,0.4,0.2,12.6,2.5,0.5,1.2,0.0,0.2,0.0,4.4,2.1,0.4,1.8,,MICS,
Zambia,894,2001,15-49,34.2,22.6,2.0,0.0,11.9,4.5,0.1,3.8,0.1,0.3,0.0,11.6,1.1,5.1,5.4,115,DHS,
Zambia,894,2007,15-49,40.8,26.5,1.9,0.0,11.0,8.5,0.1,4.7,0.0,0.4,0.1,14.3,1.2,5.6,7.5,,DHS,
Zimbabwe,716,1984,15-49,38.4,26.6,1.6,0.1,22.6,0.8,0.7,0.7,0.1,,0.0,11.8,0.6,6.5,4.7,105,CPS,
Zimbabwe,716,1988,15-49,43.1,36.1,2.3,0.2,31.0,0.3,1.1,1.2,0.0,,0.0,7.0,0.3,5.1,1.5,113,DHS,
Zimbabwe,716,1994,15-49,48.1,42.2,2.3,0.2,33.1,3.2,1.0,2.3,0.0,0.2,0.0,6.0,0.1,4.2,1.7,,DHS,
Zimbabwe,716,1999,15-49,53.5,49.5,2.6,0.1,35.5,8.1,0.9,1.8,0.0,0.5,0.0,4.1,0.2,2.6,1.3,115,DHS,
Zimbabwe,716,2005,15-49,60.2,57.9,2.0,0.1,43.0,9.9,0.3,1.4,0.0,1.2,0.0,2.3,0.2,1.2,0.9,118,DHS,
